83997250-52ff-4d47-9648-31b53f47a838,Jacob,X,Hunt
ac8563b4-01a6-4990-97ea-a0738f379a2b,Elizabeth,X,Gray
56ffa496-41c3-446c-8d95-6b9c38b40ecb,Ryan,X,Lane
04d82609-610b-4102-b1eb-c25cbc76d387,Erika,X,House
c8bee106-1143-41fc-ab32-c3bc3d02be03,Jennifer,X,White
e448eb5b-fa8e-474b-ba91-10ebe44782ef,Brandon,X,Gordon
4a24b869-23ec-4891-b660-18af205354da,Shawn,X,Moore
c5c8dc17-f969-4a67-a4e5-b1d6bb7df292,Nancy,X,Watson
31c8b59c-2005-476e-9a09-5e0c9e753e0a,Alex,X,Martinez
2e512406-f609-4eff-b6bb-87c2922327ff,Natalie,X,Green
31acb18b-831c-4cab-a14b-e6abb34ab87f,Gregory,X,Lewis
8e40faa6-f685-43a4-abc1-607cac2d6b83,Deborah,X,Cardenas
982fd352-020e-47fb-827a-6384467ea7d2,Megan,X,West
8f04021d-5cbe-4d4d-b67d-4c27c7a945eb,Joseph,X,Phelps
cd44a5df-9b6e-4634-9f03-03d6c1d936d8,Andrew,X,Hernandez
3b0c78df-fc48-4e86-8142-d9cb07efa769,Tara,X,Kelly
07a48036-f244-4f5b-9077-a864f81932e6,Andre,X,Schmidt
4b88a8bb-1d0d-47ba-a758-cc977692cc8b,Ryan,X,Wong
0acf01fb-005a-4fbe-b954-e34f1f8dd327,Brittany,X,Davis
9dad0b00-cbc2-4f90-ab7a-3efa31c6ce23,Martha,X,Nelson
9139c066-9081-4881-814b-d817c036d02b,Ryan,X,Nelson
c66d07b8-3036-427a-9c3f-1dface21ea04,Ann,X,Petersen
ce758e84-dd62-4b62-b715-efdf1728cf18,Michael,X,Mcclain
2aa2cf98-da7f-43ad-a232-4c54c7f3524a,Steven,X,Little
a84c20f7-f8c1-471b-ab89-1cd920be0a58,Tracy,X,Larson
6b9c014e-68e7-4476-9959-dbdaff5a6f7c,Angela,X,Dickerson
142e167b-b465-40ad-aa36-7223bf415aac,Alejandra,X,Anderson
3b49a8e2-91b6-4bdb-9cfa-853d106ce4c2,Ryan,X,Stewart
c585a8d6-1fa9-4375-b36d-0a37627568f8,William,X,Thompson
38a39e57-8520-4065-9238-e5035d0de15d,Allison,X,Baker
f47d9fb4-d1df-4373-88df-96539751c33c,Rebecca,X,Harris
b419bee8-92f2-418e-8550-bbe9d255db4d,Heather,X,Watts
7f09a432-6373-488f-8d0e-3baf3e3d280a,Roy,X,Travis
befd09b0-0760-42b6-b153-35503f0b801b,Dr.,X,Joseph
bb2c2f5d-8d9c-43c9-940b-529a9c291294,Ashley,X,Curry
6abb0f8b-cdec-4851-97f3-ef15a7f87ae2,Elizabeth,X,Hawkins
3156acb5-e7a9-4231-a5bf-0081165334e9,Grant,X,Gallegos
aa437472-d4ff-4818-8b19-1e6d59540064,Mckenzie,X,Stewart
f3b6307e-8a40-477f-ad37-e2796ca7a53f,Mx.,X,Kerry
66c57c64-d3c1-4eaa-b36a-8e6c8bf84a69,Alicia,X,Medina
f6315cfd-1720-476b-bb4f-a4204bc398b0,Tracy,X,Jefferson
97c819d2-a402-44e4-a962-1d23d8506ee5,Tina,X,Taylor
42d19a78-ef49-4ec8-a3d1-4922d94335c3,Raymond,X,Taylor
8687d028-a51e-40f2-827a-4523dcc37ed4,David,X,Fox
cfae3dc4-f450-4c96-a90b-af43a1dac85e,Sabrina,X,Adams
48fe9b59-7dbf-43d9-9be5-83329958d8ad,Jacob,X,Mcdaniel
6c858007-0781-43c8-97ba-425c38d76326,Michael,X,Mcbride
8d056134-a8b9-4e03-bcaa-59fbd31f9c7d,Abigail,X,Bishop
39bd4140-3bd6-4d3e-9aa2-a5892e5c8ab7,David,X,Carter
15825364-884e-418c-bcd4-922288677698,Chelsea,X,Mckee
d670dd95-e125-4610-a48f-bad36d780bea,Amy,X,Phillips
f8cc7b3d-3d86-4cc2-b4fa-c69d81a4cd0b,Shari,X,Smith
db946d4a-465d-4e40-826f-cea9e1da687b,Nicole,X,Smith
bbf83f1c-8f9e-4c5a-ad8c-c5878a52457a,Carlos,X,Kim
f9d794bd-a349-4ed3-b721-cd9fde06c3ce,Victor,X,Bowen
6cae534b-9773-43f2-8d8e-f12926b43a3d,Paul,X,Robinson
6e704e5f-e6dc-4497-891d-7b5fb0dc23a0,Kelly,X,Rodriguez
0bf6c7eb-846a-470a-8dd3-64b0e0341b74,Angela,X,Pena
84379660-4739-4bda-93e8-8f0f4404c643,Cody,X,Butler
1cebedc0-adda-450a-ad97-e15e26b4196b,Matthew,X,Fry
c4104fa1-a160-4d2a-8183-b9d359831c82,Beverly,X,Hamilton
e4df20d6-301b-438a-8017-90f79d476fe2,Aaron,X,Brown
1de0b453-48af-497c-a1a6-fc446cf5b751,Hannah,X,Yates
1ead1853-30ec-43f3-b099-53e928d41d70,Samantha,X,Richards
daef61c5-8d3b-4cda-9667-ca55845a617c,Valerie,X,Reyes
8070b900-2043-4758-ac94-b3a24ed1bf30,Cassie,X,Rodriguez
0cdf049d-6fa8-4f0f-8907-b47b4dc041ba,Robert,X,Hale
2658b50c-7ea6-4af0-80b3-fbe552bbaf6e,Victoria,X,Sosa
6c61c78d-c7a2-4d3c-adb8-d8c6fe6a40da,Betty,X,Navarro
c2f5a50f-ce86-4679-aee4-37a5fe060bfd,Lauren,X,Hudson
fc1184bb-259b-4109-874b-60bf395af64a,Steve,X,Nichols
5fc2cd5a-2655-4011-a8e2-f1ca69c117bf,Brenda,X,Oconnor
35ea5c2c-45e3-481f-825c-eced12ed5d27,Jerry,X,Holden
04979cac-2a43-4bc6-8f70-2ee603c4abca,Jeremiah,X,Nixon
da5401a0-cc3d-494e-aca3-85344c25a8b5,Katrina,X,Freeman
9005ba4a-c444-4237-994c-21c4247c9b02,Dillon,X,Miller
5d150830-05cc-48d2-b5bd-80d16bcf1019,Dawn,X,Howell
0f5a6249-c119-4514-ab33-04f2bd59837f,Evan,X,Woods
d1f3d672-4465-4a9b-9953-7f5409cbd46c,Paul,X,Cook
44d42500-0cd7-422e-b0e5-d7302e89fb8b,Melissa,X,Cobb
2d8c7cc1-8a37-4cf0-b6c0-3bf7572f256f,Dr.,X,Angela
1d5e6e02-c7b3-4d0b-83e9-56d52929c6d6,Bryan,X,Blackwell
5c909000-0e8e-4b6d-aff6-d5da072adce7,Laurie,X,Bell
1f951ebf-25d8-46b6-8ce2-0feb39a33d5a,Tara,X,Miller
b3e15ccf-d232-47d1-8de7-c64b5d29fdcf,Aaron,X,Jackson
3a091512-738f-4762-b004-04d4aea68013,Tracey,X,Jacobs
4e55215b-93b7-4c23-99d7-8673372ec999,Malik,X,May
1d3a9086-f2b5-42d2-9708-7f1b964e163a,Frank,X,Maldonado
105289b5-d530-4f7b-9291-220fbdb9d234,Kyle,X,Miranda
8099f61f-0cbe-479d-9686-28083af63ce2,Jade,X,Hernandez
8b053858-7b1e-49ab-a775-9557c10afb75,Ian,X,Bryant
897da8b6-05bc-4809-b605-7b602d2f186a,Aaron,X,Carey
6d96ff8b-2d9e-4b72-bc5a-ada566ee483c,Nicole,X,Graves
1694dc83-d779-463a-9f4b-bc7f1a2df3e3,Cheryl,X,Ortiz
0b791da7-89c5-465f-b1f6-841cf74f8186,Annette,X,Kelly
8c32a231-57b6-4d2d-9e0e-47b42137c5e9,Jasmin,X,Norris
c65333ef-857d-4ab9-a086-7127b0bddec7,Bridget,X,Ellis
dcc040d3-da9a-4d68-a996-e8f0d43a5854,Jason,X,Sims
947908ac-78ad-48e0-ae1c-bd8a8f3a90a9,Brian,X,Lloyd
ed88df85-0bbe-4b17-b415-68e466ef06eb,Robert,X,Mack
30cc0e7a-37ee-40cf-90aa-123d11ab0ce1,Melissa,X,Ramos
42ce2282-2ac5-4fba-8a8a-b11c8896f1da,Katherine,X,Walker
b0d7b5b0-8f7a-4b89-b35e-611137fe070d,Luis,X,Daniels
f5a9210b-b6e0-49f8-b9fb-4bc78a87763d,Kelly,X,Grimes
59fcf448-fc74-4524-85fe-6b989b1314c1,Collin,X,Phillips
ee866475-2472-43a0-bd8c-b884c71b68e1,Betty,X,Johnson
164c778b-91e8-49fb-a8ad-48b30e05e8b0,Veronica,X,Snyder
e43ec6b6-550e-4003-abb9-29befbfef2d5,Kyle,X,White
857473af-1286-4b64-8569-d96651426a06,Ross,X,Browning
85c8d5aa-2b98-42f3-a391-6b6c2208aad7,Thomas,X,Solomon
54c579d0-1faa-4241-bf52-58251c518b89,Sarah,X,Park
5ff26e44-75ac-4fb5-be52-82fff771bf15,Daisy,X,Sullivan
765f734c-94a5-4c3c-ad19-87b231ea11bc,Ashley,X,Fuentes
4d18afad-7922-47ec-b38a-fd4c562c21b6,Anthony,X,Murphy
88194c7e-3537-475d-80c2-16c961e3248c,Joshua,X,Clark
a2efd2b6-cdc2-4eb6-83e4-ec9a0ebc42c8,Tyler,X,Weiss
f2940d27-71b0-437d-a1e9-d28649055b57,Sandra,X,Jones
a08ec642-5714-4f1a-a6eb-5d52a067121b,Benjamin,X,Kelly
ab5f0bdc-d416-459e-ae14-d5eae4184990,Stephen,X,Young
d2dea9f4-1a03-4341-be54-dde8caba9226,Ashley,X,Wood
5649dbf4-0139-4655-92bf-6cc9492369fe,Jose,X,Molina
a6a163f5-a878-49a8-b473-d06035e49559,Sara,X,Potts
69bc27f7-95f1-4d84-b8ba-7fe6bd66c38f,Barbara,X,Robinson
400b528b-cef5-4991-82ba-fac0101708f0,Chris,X,Escobar
0bd12547-8e50-4e9f-8eab-f870010f8f21,Marc,X,Ramos
02fa9a76-ec9e-44f0-916d-34af86bf4bd6,Scott,X,Barber
3785ee5b-b4c2-402a-b3ba-1d484e942cb2,Patty,X,Davis
832a1da9-14d4-44d9-9923-0f9eadebc0c3,Randy,X,Adkins
f94c34f3-e223-451a-a383-2edf88119685,Diane,X,Richards
4d827573-e7e4-433a-ae5f-30e0b5a1f0f4,Michael,X,Davis
b7c89179-c655-46c3-b7ea-c11983193475,Keith,X,Brown
a0218de5-b9e8-47b8-a03f-861dc35ac47d,Erin,X,Lozano
07df6b40-86de-47d1-9072-f58bbb189f48,Christopher,X,Spencer
776ffdad-d603-4411-b324-467b9579d923,Heather,X,Martin
91e36a4f-5478-4f23-af1a-c5e8954df489,Jennifer,X,Willis
85997edd-6e99-4530-a833-2d10bd091a54,Brent,X,Colon
577fc458-bf04-442a-bdfc-658f9f2fedfa,David,X,Wright
35e73fdb-5580-4097-9738-94070b699347,Aaron,X,Henry
cae93051-fea4-4165-a322-c079a67a2169,Kimberly,X,Yoder
cfe8f141-3de9-455e-99dc-e4b5f253ad50,Emma,X,Brown
4df64e3a-cfd5-41de-bec2-f2533f19c469,Crystal,X,Scott
6fe893f3-c05c-4863-8234-5611922032d9,Kimberly,X,Brock
d634d5bc-0e79-43fd-a060-bdfb5be7a159,Jonathan,X,Rodriguez
978a2f3a-a931-4122-9e37-441afaf46a0c,Michael,X,Johnson
035d4606-d9bd-4e5c-8cc0-c2690f26da0e,Cindy,X,Johnson
705becce-d3e5-498f-a01c-dd6660233739,Veronica,X,Clark
f6a5538c-fa72-478e-b747-350cd9930fbd,Brittany,X,Frost
c71adacd-7b0d-4ba6-9a72-e25e3b63fd08,Jeffrey,X,Mendoza
c09aaa34-ba14-4c52-8976-54168f67b5db,Katherine,X,Gross
68344d50-9c2b-47bb-ba29-4a9708a00df7,John,X,Peck
caecac23-8693-4212-9991-7a15b3028236,Alex,X,Johnson
9c69e9b0-a88d-45dc-8eba-4a3bd132bd31,Morgan,X,Miller
46bbe255-a8ed-4188-91ac-4362a7f57462,Robin,X,Vasquez
3722adf0-e123-4ab8-a323-41dce9f225c7,James,X,Hill
8d0472bc-1aa5-464c-baef-7466c2570da8,Stephanie,X,Barron
b60a3235-d882-46e8-8b76-fe11e388561a,Laura,X,Ortiz
433a8966-9968-488a-b689-2497a5b93ef5,James,X,White
7191e031-0880-42b0-97d7-495079202fb8,Eric,X,Patterson
11c26b89-19d5-4c3b-a61a-95d59d0a0ea6,Debra,X,Hawkins
97d81208-e340-4efe-b925-e9e14eb646f8,Jill,X,Johnson
20606233-2662-4978-abf8-b0f8862de8c5,Leslie,X,Mosley
954932a6-1233-4cd4-80e2-961138f1a185,Eileen,X,Vega
c67c76c5-39e3-4c9d-8fd4-96ac84d46b07,Anne,X,Rodriguez
ea368242-7953-43c9-b941-a4f892c2899d,Sean,X,Barker
ae1084c0-b700-4c24-acb3-175af5853f44,Emily,X,Baldwin
e2da876c-f013-4133-89de-76bb0cc36b2f,Herbert,X,Johnson
e206e4c1-2d26-49ae-bd70-e2fe1e8594d3,Courtney,X,Salazar
2d090ecc-fd60-450b-8200-7a03b41ecb1f,John,X,Fox
6c704025-3c7a-4730-808a-ec32865bdf18,Jimmy,X,Wade
c1400195-a6df-4396-9e6d-60a2f8aeffee,Robyn,X,Dominguez
2cc1ffa4-5ec8-4126-960a-39bfef7d1a5a,Joseph,X,Parker
d09b4293-3585-4ae2-bc23-de317831442e,Steven,X,Richardson
0a9e182d-e8ad-46fb-875a-f333ac6b9749,Julia,X,Franco
d3ae47ea-273a-4b90-abf1-7fbf608be0c9,Julie,X,Robinson
e64880f1-a5fd-40fb-a6a2-2bf66e081bd8,Karen,X,Taylor
1df8f1f1-9b35-4a66-af93-a43526e9240e,Curtis,X,Smith
8b94be1e-d1fd-400f-b940-4756d287016a,Michelle,X,Cox
1b38c819-cf42-4438-8a6e-c39d6dfb6529,Susan,X,Howard
e2288faa-c4e3-4d20-9e6c-d3dba22553ba,Juan,X,Martinez
e9b3fa03-a871-4173-a910-f76dfaa0dccb,Debra,X,Allen
269f76f6-d0f3-41d8-a09d-833635d2a84f,Jade,X,Bright
e458df1b-f9c9-4423-b834-6027b94010aa,Susan,X,Ortiz
c4dcdce3-2592-4a97-9fda-ce8f8c4aa255,Stacy,X,Bell
4e9e2527-d96f-42b4-a35e-3dc529cb3012,Deborah,X,Payne
e1fc7057-d2fd-4a0a-a28a-b5eaf9f6828c,Michael,X,Tran
8429d145-3038-4da6-980d-dafacdc1d634,Brett,X,Allen
70fd4827-1908-412c-b91c-ee31c9458c54,Patrick,X,Wood
35c8b191-7ef0-48f7-be83-0a8492fcdbf9,Michael,X,Obrien
ea63f491-b8df-4b57-ab71-63b2fda49b10,Lindsey,X,Thompson
78d353e1-63d4-4d6f-92be-05880dd191cc,Timothy,X,Lambert
6d5c3eeb-f55e-4a7b-a727-bb056885e0e7,Mx.,X,Patricia
a76fa28f-e2e7-49fb-9e16-895f964fd025,Robert,X,Glover
50d2a490-62ee-4a64-9994-9ed713730ab5,Michael,X,Henson
e63cd999-306d-4ecf-8173-1a9164b9fe75,Aaron,X,Wade
ef5010af-adf9-4634-9855-997a9515f887,Johnny,X,Rhodes
75d1f058-a913-45fa-b5c5-8b912a5874c3,Tanya,X,Clayton
67a4e537-c7aa-4735-9d0e-8b621fd2bcdd,Tony,X,Arroyo
82c8d7ee-e41e-4c28-a7dc-6e2b0b2f40e8,Stephen,X,Rodriguez
8e9786ab-acb0-4779-8b38-ce1d1594bf67,Becky,X,Murray
1f8491b8-2bf0-47e8-a5c0-3934840b0531,Paula,X,Vaughan
19a52ede-efbb-453f-8e6c-47fe526e8ce8,Allison,X,Davis
9f850aab-499d-49a6-8d29-7959d62f7324,Beth,X,Pope
c536b1b3-9b50-4e37-b64a-20645454dc9f,Richard,X,Jackson
0eb9b4e7-2f82-41a0-ab3d-729815e7b781,Kimberly,X,Wheeler
050a27ab-13ca-421f-809a-62f17bafe84a,Laura,X,Smith
79e05934-fe9c-491e-8a1d-2668a4afcb4f,Brenda,X,Harrison
655b85c0-f2a7-444c-b373-cf0e974d72bb,Shelly,X,Cooper
a1e06145-2cbb-49ba-8fa5-f733b250640e,Erin,X,Vazquez
7ff55a50-c376-4aef-b6d1-f0f759975b3a,Vincent,X,Roman
c26164cc-5a60-4707-a1c8-35eb20b4ff0e,Dr.,X,Melissa
9d4af278-cc25-422b-bbe4-d982ba02a2ac,Paul,X,Martin
334968b1-162d-444c-ad8e-041999f0e6ce,Christopher,X,Long
b91bed27-80ef-449f-99bd-dfd0abe35171,Ana,X,Hunter
38f9f508-2b50-404c-a431-e8a745b544cc,Carlos,X,Torres
891796fd-5f71-4edc-af0c-df52274ec9fb,Melissa,X,Chen
75534854-12b8-40fe-9d35-243b666d0d6e,Denise,X,Smith
9b536d43-4778-4053-862f-cfbab536f6d2,Patrick,X,Carter
d478c20f-98b4-44bc-bcf9-8edbd1628bf8,Shelly,X,Wright
36a9d364-c716-4044-bc7f-5cdacd708cb7,William,X,Hernandez
defc3f08-85a8-4f54-a658-caf7a5be3f1e,Antonio,X,Williams
cf7724da-b327-4775-93a3-741f04905fe8,Jennifer,X,Daniel
06f145e1-d801-4ac7-a6a9-9554d89d6990,Crystal,X,Martinez
e6103a6b-d3b6-49f1-bace-ed4feaa092a4,Julie,X,Anderson
d0135b32-63a4-46da-bd46-d2db7de69788,Timothy,X,Houston
dd191453-f043-4992-8e64-d11a4b433c5a,Howard,X,Tate
12abcb49-16e0-40d6-901d-b948be2f5baa,Carol,X,Wilson
cd9e8140-d069-49bc-b955-2b768a5aa85c,Andrew,X,Gray
4489667f-6e65-4a9b-93c5-c209a8bb6719,Roberto,X,Clark
91f60419-5004-49c9-93d0-e6af42cb0337,Gregory,X,Johnson
132947de-7d6b-4457-bd4b-bd0393358edc,Julia,X,Greene
0e517f69-e36b-4f0d-bea8-92826b200dbf,Kelly,X,Friedman
d3f5d594-0adf-48ff-b75a-ddd6e56fb0bf,Anthony,X,Taylor
138003cd-5382-43f3-bed2-d4e4a5c44a71,Sara,X,Garcia
23885238-bf15-405b-9f8e-1eb8c7205490,Michele,X,Duke
77b37aca-59bf-4960-8da9-698973585f8e,Dennis,X,Payne
f4a6d8f8-5af0-462f-85cf-3c59fc6e36be,Ind.,X,Lydia
ef06e91d-57dc-4f87-a19a-f6dd75ef5df6,Christina,X,Miller
43cd2fd2-a8ce-4c46-b9ce-f0a32904ec56,Michael,X,Lopez
cd69c123-5a76-4ce6-be93-bb99337f2da1,Cynthia,X,Rice
ec4b3b8f-4060-4e94-ba36-607453446e80,Sara,X,Miller
d9e2b6c7-5cd5-4224-98df-0564033c10e9,Matthew,X,Smith
0d401e9c-f820-44a1-82ab-08867985783a,Donna,X,Davis
64623685-2e74-41b6-a0d9-a04e16ad0aac,Benjamin,X,Fletcher
68a020a6-ca6c-4da8-bdd6-4373f2e74891,Rebecca,X,Porter
a471efee-7c85-4f9c-a211-d5c4e2387a49,Ashley,X,Miller
aecfad98-48aa-43b4-8887-58ca2b829fc4,Jenna,X,Nichols
51598bfa-2786-47cc-8ec0-c8a7cd46806c,Maria,X,Torres
96b6d4cb-d4e0-4332-99e2-006e8de27fb7,Timothy,X,Mckenzie
a681b11b-64fb-4aac-964a-b43d7921c0df,Alice,X,Torres
99630a8c-dcc9-43c7-bdcb-45bc26e7932b,Crystal,X,Henderson
8f9c7e36-940e-44f2-9155-719d152bf834,Jennifer,X,Wolf
8f6a4434-b134-4346-ba47-3cfa8891acf5,Elizabeth,X,Ho
958195ec-a373-4f3b-80c4-c3cbce3c9bd4,Thomas,X,Figueroa
ccd3d0ed-abe8-41ca-860b-c3e3d006f0be,Carmen,X,Roberts
dc6b063e-23a7-4a18-bdc4-2a718c2d0839,Holly,X,Fields
1b839f5b-7240-4ef5-a3e0-f3c1bb9cd257,Travis,X,Davis
abf1e7ac-3253-4507-9bec-9a80d4564cad,Alexandra,X,Long
d86e5111-bdc8-4aaf-9e56-ac86de6f1adf,Christopher,X,Mathews
4d968df6-0461-4123-bfe8-798bba86c753,Katrina,X,Wilson
2e53e6e9-0342-4d5b-8e5e-67dc7f0cbbc5,Laura,X,Esparza
87b02b18-5c73-45d6-b537-8203473a8139,Chris,X,Schneider
57b009dc-9948-4a96-9961-d541f385bf12,Edward,X,Cruz
f97f5690-8123-4d18-afae-831e52839113,Mia,X,Jackson
bf47553b-4885-4410-bd7f-005ddb9bd936,Alexander,X,Obrien
f251b3fa-4bcb-4345-b912-8e0af6e225d9,Sherri,X,Green
c2f5d743-aef3-4c8e-920c-c7d438ff2ffd,Jennifer,X,Cooper
94214531-0d6f-49f4-9962-138338187758,Sheena,X,Kelley
fd4e74d7-a075-489f-a9c2-a785db895fd7,Michelle,X,Morrison
4cb50712-76bf-469c-ae23-a0def99f03d8,Angela,X,Robinson
a294b412-a94e-498c-beed-dd0b8bd1369e,Gerald,X,Patterson
d1db0aa7-3738-41e1-9e72-7c81dac6d7be,Jennifer,X,Alvarez
23bd5a6c-0a22-46c7-8d32-e80ca142876b,Jamie,X,Harris
33644884-e877-4e90-9a30-bfbfdd81aff9,Joseph,X,Lopez
194f03d0-eab7-4388-8214-05dee517a979,Alexandra,X,Rose
eb15369b-de15-4dd6-be56-08af8dcdb472,Hunter,X,Mercado
429c4098-acb1-4a63-a427-4ef619eeaabd,Laurie,X,Gonzalez
9d653a43-1377-4a07-a263-615cce178058,Alicia,X,Roberts
97a1658a-1e6d-4291-9609-6bd4be0863aa,Kelly,X,Ramirez
3f9486a7-4002-41d0-be03-87a3a4273ee3,Angel,X,Hess
837df1f1-0b06-4f5f-903f-872219f3b1f9,Scott,X,Barnett
ed520b87-ded3-42a2-a5b2-b6f27413004b,Scott,X,Johnson
13e41845-82f6-43c6-8281-ec15144f5224,Rose,X,Myers
566dbb4d-20a9-4672-aac2-1fb803702a50,Duane,X,Bailey
e562c516-eb08-42f7-b0e8-c1a44403f444,Terri,X,Krause
98c77c51-24b0-45fa-bc7d-03d8b583a7cb,Lisa,X,Cohen
88e127e3-1a28-4ef5-bed5-2849018f73be,Adam,X,Glass
78c6c772-bd4e-478f-8483-78ce622b857e,Adrienne,X,Hamilton
ad441cbc-222a-4ddd-a8e4-a258b5004087,Derrick,X,Moore
57d37f80-ba22-443c-818d-e0dd3d6b2dc4,Michael,X,Cherry
a6fce5dd-ac36-42bf-9903-d4c491550569,Jennifer,X,Howard
094114c7-36ee-4223-aa68-74d91cb20be9,Stephanie,X,Harris
094ea351-54d3-4135-a0d8-dcad1210ee42,Michaela,X,Stewart
e61498ec-ae92-4a83-8f13-f4d0b5a6e80f,Jeffrey,X,Stephens
21a721ea-c4ef-4b4c-9d05-ccd613a91fa7,Amber,X,Fuentes
9a2554a3-d9bc-4e50-a46f-e0c6af04d3db,Jeffrey,X,Gilbert
d5db4288-2b63-4faa-82a5-cd9cf0c136eb,Daniel,X,Johnson
334e0675-ef05-41b9-9373-1c1d3a8565e1,Karen,X,Strickland
5abd7c69-eeea-4630-9c50-aca7f2da1640,Melvin,X,Smith
adb4b987-8de4-4081-a249-dc940705d8d9,Francisco,X,Anderson
15deabe6-4495-4b42-afcf-554038063182,James,X,Wilson
3de5edbb-ada8-4e24-bbbb-06bdf439b810,Shelby,X,Morris
993d6bfd-1c71-467c-9ee2-a515b683f4a5,Derek,X,Davis
9d88c919-3052-4eef-9d22-f3c010d64dcd,Melissa,X,Patterson
5970a98b-47a1-49e7-ad32-338f3f5695a9,April,X,Nguyen
ef67320d-987f-4d32-a1a5-daafcb7a7cec,Frank,X,Mack
bd8e1fae-ab6a-40a0-92d7-56f3f846ac00,Ann,X,Walker
67dd5fbe-55da-4e7d-a40c-47582f162872,Jessica,X,Roberts
cca8454e-bc88-4a9d-83ef-2350e3e11264,William,X,Wheeler
dc449988-6172-4e52-8ab3-61f23879c6c7,Darrell,X,Garza
188f3227-46ee-4697-864c-2baa14651f98,Michelle,X,Garcia
5c58e7a3-b46d-41ea-857f-9d5ad93fddfc,Corey,X,Henderson
d8478255-c16e-46c8-8762-da4f8f42000a,Linda,X,Williams
e6939b48-c233-43dd-8f3d-cb4a5c7e1199,Anna,X,Lewis
5c1ec5dc-fb82-48ba-82b3-c36200bab74c,Wendy,X,Kramer
ee5c16ac-a911-4886-a370-ae797568a125,Brittney,X,Castaneda
ead48b80-b214-4caa-9a45-b2bc2526ac19,Ronald,X,Roberts
dafdf7b3-5cd6-494a-997b-e46816dab3fc,Rodney,X,Brooks
2e524cdb-3a5c-441c-ac17-a5a9af125db6,Sherry,X,Brown
f4631aa7-46f7-41ff-ae51-9fd9f53ddea7,Brandy,X,Edwards
850ecd26-c0bb-4dc9-8cc7-a646a58a61af,John,X,Vasquez
2cdab97d-ef1c-4e91-8dc2-294be55e3367,Tracy,X,Mcbride
89551e8b-6c81-4554-a891-0d4de99569b4,Anthony,X,Robles
cf1d448a-f50a-4166-977e-4211f8d6a4f7,Dr.,X,Todd
80f0aaf6-255d-45cd-9796-f8665c34359d,Jessica,X,Woods
96b15637-7460-4ea9-917d-0dfe7223f45c,Stephen,X,Johnson
301e9f0b-94dc-4a60-8d1f-b988ea62c732,Robin,X,Fox
72477632-3e09-40c1-99b2-b03c19fe16df,Joshua,X,Little
3dc837a9-c2f0-4c4f-b4f5-4b8790faac87,Clinton,X,Deleon
590124a0-8ea4-452a-a90d-3262d7bae831,Derrick,X,Morgan
033c3c60-a34b-461d-8d66-5516d4fc3b69,Misc.,X,Tyler
69dc4834-dcae-491c-9aa6-5adea07cbb83,Janet,X,Rowe
cb7382ce-1cde-469e-984e-555259bf5317,Allen,X,Keith
d1570e49-ce31-4231-bfbd-7e81aee6a172,Danielle,X,Long
a714b856-c7be-4e5a-a848-611b8682fbd1,Jessica,X,Mejia
860cb4d9-7b74-4677-a261-a426eaaafcf3,Vanessa,X,Stewart
7a31f74e-c2ef-4e0a-9632-54648c0b654c,Mary,X,Hopkins
42a8982c-f6e1-4fb2-b9d4-66ed4d65acd7,Jamie,X,Wright
a4d629df-c9d8-4c58-89ce-f6638555cfdd,David,X,Newman
79c1ad1e-add4-475f-b902-0b0af430eef1,Stephanie,X,Collins
ebea1815-cb74-4145-808b-7c532c165c3c,Lisa,X,Thompson
6fe113e2-1cc7-458e-b0b3-22ed05037e97,Gregory,X,Reese
f156fef0-c140-421b-8881-0b7c54be9317,Megan,X,Freeman
08145b1b-12f0-4275-84c8-5eb015367be5,Kelly,X,Floyd
dcc0254d-9a81-4724-bafc-3cfd462c72d5,Cassie,X,Harper
57fd832d-0206-4b90-958a-27cc9c0a024c,Ricky,X,Lane
6240fb5e-5046-4ee7-b6e9-e887b2237821,Jose,X,Medina
630ebf4d-58a9-4e34-b9e8-ae07865570e9,Elizabeth,X,King
6df469d7-2dab-4040-957b-c008639d1a5a,Christopher,X,Klein
2d1fbe35-64f0-4b97-852a-eda7933ace44,Kayla,X,Newman
5f6f9107-e339-4afd-81ab-8d9f29de580c,Mary,X,Wilson
1109a583-3d51-4a60-bcce-0540c64dfa84,Christine,X,Mclaughlin
16401276-6f8f-4e64-88a6-1fd6c095850b,Brenda,X,Garcia
d9fb2f49-f234-4438-8e9c-ff774b6e4fc0,Eric,X,Cain
b2222ad7-311f-4980-b2a7-029e35a89334,Patricia,X,Lewis
a38e77a7-9fdd-49da-a598-ca18a33a8e5b,Richard,X,Montgomery
638176f8-7f0f-4fb4-8352-2088cb722460,Michael,X,Suarez
3ec81201-c197-4659-8dd3-514cbda14cff,Katrina,X,Mullins
f4b2e54e-8c5e-4206-b92d-200317d207a0,Thomas,X,Robinson
3ca095d2-35dc-4104-9635-dce62b6f09eb,Anna,X,Wilson
815850ef-cc6b-45f3-8637-ad070a1d196e,Julie,X,Gutierrez
1a6e675c-24bf-431a-8bf9-e983a15bfd7d,Russell,X,Rose
a45dd893-f491-4fd4-8272-2eec157de22d,Amanda,X,Klein
560a9ca2-c30f-4282-890c-c4e9abaf13bb,Andrea,X,Delacruz
fa57842e-77a1-4e0e-9fff-fcde8ca62b34,Alexandra,X,Garcia
ab57edf8-92b1-4d5d-8acb-12d46df49225,Joseph,X,Davis
d6942d7e-aa8c-4c0b-b021-6d5445e3424d,Adam,X,Dodson
106eec4b-1d9e-4616-a0a8-2f3dbf53190a,Chloe,X,Landry
0dc5860b-d069-483d-bd2d-db5d59938990,Chad,X,Hebert
ab69c0e3-b051-42d2-8e77-05635bae6641,Katherine,X,Peterson
df25c159-48df-49f6-b6d9-fa1d574b906e,Frederick,X,Walters
c00c6c3b-5481-4bbd-980b-a599c8d81390,Amber,X,Dorsey
32c21d60-ff26-40f3-95e7-e2e3a8d10444,Kevin,X,Avila
f22e145c-e85d-4184-91a2-38bb17c1237f,Zachary,X,Johnson
403300af-dfd7-4956-8af7-67921014bbaf,Frederick,X,Burton
efc89916-50c1-4ccf-99d9-3f4b080f28da,Joshua,X,Diaz
f5ed9576-9ddb-41fd-b97b-3fb57d207bd2,Travis,X,Daniel
bc11533f-b973-4aed-987e-a6c440cdb978,Maureen,X,Clark
55f45667-966d-429a-bf8e-1700a9d940e8,Teresa,X,Garcia
a01b9c1a-8dc8-45aa-aa48-1e3d92593e41,Michael,X,Flowers
4f79ac35-137c-4f74-aec1-5d7e40205fdc,James,X,Ross
cdcaa00c-8bb2-4f23-be8a-8b63d9f1e548,Michael,X,Rosario
617a1411-f24e-4468-95bc-b008aa8cff2b,Denise,X,James
21facd24-614c-4b44-a07c-abe0ba9949d4,Mx.,X,Arthur
c029e6d9-58bc-45bb-a352-8d6c74d41f9d,William,X,Jacobson
1154d3b8-1290-4655-92e1-9ab2acbf61d9,Jesus,X,Avery
9b6767a9-5eec-423f-90a9-b9ceedfb42ae,Kevin,X,Price
680de336-2734-4d01-8f15-83dcc09efa92,Christopher,X,Morrow
ad458ac3-00e7-45ad-890b-6c2a90c025f1,Sandra,X,Moore
47dd5230-7f6e-49df-a54f-d4aa6074b56a,James,X,Travis
db353251-c02c-43ac-a9e1-4938ac7a42cc,Donna,X,Melton
1cc2197f-f7f8-461b-943d-15494e5d8857,Richard,X,Kelly
9785dbf7-236f-4e7e-bf7a-9e493473c837,Theodore,X,Moore
409b07ec-5a19-4df6-acf1-3d898c36c98e,Angela,X,Morales
d9bb9f88-8efb-4617-9010-b6b41ce06972,Carrie,X,Johnson
d4cb8a50-42ea-464b-86ae-9dd76024be2c,Alejandro,X,Jones
f1c0951f-828f-4b9f-98af-44ff40deb244,Jerry,X,Lawson
dc8b88e0-cb08-4531-9c58-a207443998ce,Jeff,X,Gibson
5a42e347-7915-4c88-9914-f42ef189e629,Rachel,X,Bell
f20da030-e73d-42ec-a2a1-4a8597f368d7,Randy,X,Winters
a9ffefcb-e98b-4672-b2ce-52e9a5e01b89,Mx.,X,Michael
79c23324-725b-4787-9c40-5d0f59eebf07,Michael,X,Larson
e51dc5df-afc1-4289-80ff-5befe940acb8,Ariel,X,Ford
08b2ac43-084a-4804-8dfa-80293c4b1680,Kara,X,Miller
600245fe-ae8f-4abf-9673-09a3c978710c,Jonathan,X,Aguilar
921862d9-3b93-4b00-b480-b6084f52d650,Douglas,X,Parks
cdbf219d-940b-4d9e-bb32-417b022af9b2,Paul,X,Golden
6ab8b21d-31e3-4786-8862-644bdc1552b4,Garrett,X,Frazier
36824aef-cb06-452c-8385-0b060cdf8110,Ricardo,X,Fernandez
efdb1820-1a22-42ed-bbe1-b3aa38f6cbbf,Zoe,X,Smith
c07d76d1-17c3-42eb-8da3-9aa08b4779e9,Dawn,X,Flores
8efc8ece-46e1-405a-aed0-523056a8e56b,Mary,X,Flynn
69178460-01b4-409a-a5ec-9a99b4474212,Anthony,X,Hill
ec01bc30-96b9-4281-a80e-49bb5578c7bf,Patricia,X,Smith
21d02f82-245c-4af6-9635-2817be581749,Gregory,X,Scott
9d508907-d42f-4617-b97a-7274c974764b,Sharon,X,Poole
63e26f03-5a16-4cc5-9826-f5cce6d76232,Jessica,X,Morales
508a5fa9-1078-4171-993f-1cfc263fede8,Erin,X,Garcia
a56128e2-40f4-4233-85c0-4e64cc02dde8,Julie,X,Castaneda
cd52af5f-2a80-4c9a-bbb8-a0f8d817db00,Ralph,X,Warren
7c1b7d85-63b7-4a4a-804c-beadc306509a,Christopher,X,Villegas
0c0004bb-d85b-4a8d-9706-99484a392d41,Joseph,X,Davidson
e5a4dc53-da20-42e3-91c5-25accfe35208,Jonathan,X,Williams
296ed3be-00f7-45dd-878a-7dcfe9a64bb7,Kimberly,X,Price
648c89e6-da86-454d-b7ea-8515d2e5802f,Sandra,X,Williams
a1d6db7f-fe1c-445f-977c-b64b552d300a,Matthew,X,Garner
9d633b88-8106-44ff-8277-84fedaa6ac22,Melissa,X,Montes
d05bef5a-a970-4632-bb6c-46bbb04b5f67,Michael,X,Jones
73c0836f-6968-4f3a-8cbd-c3e5fbf78645,Meagan,X,Dickerson
d32e74e3-f85f-4e63-b4c1-3d5c21ba249c,Travis,X,Scott
a8b5a9db-4d56-49e6-98a4-a94a5c8dba8b,Robert,X,Jackson
f71bb5ed-b539-4b44-b47e-e7bedb4a2858,Elizabeth,X,Jones
10e9a3dc-9011-4301-8236-c054247e3198,Crystal,X,Harris
b849250f-6eab-4f75-88b9-c542bf111954,Miguel,X,Robles
f5c97280-ab27-4338-a201-8a8b7d35c48e,Christopher,X,Simon
ebcc870b-da61-4a5d-a8bd-a93ef5cad631,Gerald,X,Snyder
e37992c8-906e-4f4f-970e-fe99560d6757,Lisa,X,Cox
c81d6422-e7ff-4943-9c79-8eb27edf551c,Steven,X,Jones
688f9564-9e48-4da6-8df8-4b2206e39319,David,X,Ayala
e95ee6d3-584f-4da7-be63-a62b4f214dc4,Robert,X,Fowler
fc586c1d-ac70-4b9b-9c1e-4d7f88525867,Erin,X,Blackwell
5475d2d9-f492-4ccd-8ece-49203b4d33ab,Kathleen,X,Hall
b763e360-03ac-414f-9fbb-9acea3ff1803,Luis,X,Ferguson
807ffeb5-6d08-4078-881b-8359792a254f,Amanda,X,Gilbert
a7cf3f43-2fb0-450a-970f-40913807a248,Amy,X,Cox
3f8ef3a7-6a06-4bed-9199-e0c67a17af70,Victor,X,Osborne
f1f37470-2bb4-4ec6-8588-8a90dba4dc9c,Brooke,X,Sweeney
cfb046ca-afb2-4a0c-b215-0fe341c8a2de,Jason,X,Bell
556d6b19-3aac-4118-af0d-32b591383d70,Joshua,X,Kane
57763d55-fc9f-452c-b89e-6fcd554a9858,Krista,X,Clark
587cc183-8c6a-4602-a278-1ce1eda5546c,Melissa,X,Jones
112fbbfb-3f5e-403f-90ac-f401d5c88f87,Rita,X,Graham
b56e1653-eafa-4762-96a8-eb72961e17a8,Thomas,X,Atkins
b95611f3-d4b5-4c66-bba1-d22cc69859fe,Carol,X,Page
745c9e36-0731-4442-bf03-93dca53c9ca7,Mx.,X,Shannon
7323f70e-045b-451a-a204-d4d8b2ba15fd,Anthony,X,Park
8e97f9e6-fd61-4b61-927d-72e08ac0f43a,Stacy,X,Rodriguez
0eb9a365-7807-4dc8-9c73-f6e031de709f,Heather,X,Johnson
65c01005-bfd7-49d5-8b8b-d16f47123ebd,Michael,X,Poole
a07203e4-4fda-40e9-9e28-c894af9e81a8,James,X,Stokes
df6a3b22-985b-4987-b69e-527650d34734,Brandon,X,Sanders
213039e3-7971-4ea0-a951-97878f488e98,Megan,X,Carlson
facb3fa3-16b1-4f64-a191-02d6d5340438,Paula,X,Kerr
5bd054e5-3207-4351-b7cc-9640046247d0,Jessica,X,Ochoa
5596f7d8-15c9-4a98-ae52-391a63ecf998,Eric,X,Ramsey
36a5e12e-fa74-4519-a503-8e8a68b0dc12,Carl,X,Herrera
9c1ec798-aac2-4aa5-adde-99f73e7c20c6,Ashley,X,Long
3087e716-46ed-4497-8c0b-dc84dfee1f0f,Matthew,X,Allen
e1e9c344-87df-4868-9d21-1b1f39117240,Jonathan,X,Swanson
36beb4d6-ec9c-41da-8824-d51bd2b3626b,Shannon,X,King
efd280f2-9217-4b80-a7da-6d231dc7e626,Jasmine,X,Sims
195ff98e-090f-46eb-970c-0cc5d5f9f6cd,Anne,X,Marquez
e66a7fae-3a22-4b37-952f-221210cb6049,Robert,X,Tucker
3d5ae83b-503f-480d-9ddd-6622cef28a87,Sarah,X,Gallagher
0bc70cc7-c730-41a0-a8b1-3ffec8c66db1,Barry,X,Allen
f4b45dcf-ded3-4ea3-830f-9dbaff027559,Hunter,X,Morales
d8201179-57df-47f1-beee-aa33960edf27,Kristin,X,Harris
3b4e08d8-60e1-48d1-bd08-4c8337692335,Keith,X,Smith
3005203e-3252-4ba4-a5bf-2941a4f2a31c,Edward,X,Sanchez
e8b314ba-a4a9-420c-b3f5-ac641e94d2a9,Maria,X,Mclean
5b4e7063-7c6c-4615-81fb-709a7d7553cb,Robert,X,Harding
86738ea0-3a6a-488a-ab90-253bef0c893a,Richard,X,Gutierrez
6112e0ac-8732-4045-8144-bfc3580e19c7,Michael,X,Flynn
202fcc82-7219-49c7-b1eb-4eb330653f8e,Maria,X,Jackson
3f9da6b4-e487-4ac7-a8fe-c0c5b3a077b3,Dr.,X,Samantha
e0458112-80eb-45a8-bf07-45577c29ed0c,Marie,X,Harris
54f5c3f7-7e6e-4477-9288-a44abc840608,Stephanie,X,Cook
59eac674-b34b-4718-9b07-3f458a99b77d,Carl,X,Ashley
44c01dfd-b66c-4d90-aa97-681aba436730,Emily,X,Humphrey
3ee27b18-2c06-4ff3-94da-db76a3caf467,Perry,X,Bailey
25f5addd-3764-4fac-bb89-19cd1e463a4f,Danielle,X,Rivera
a3b2de08-3f45-416d-b08b-9e80e2ad5a13,Sonya,X,Shepherd
9341e1e3-f985-4fdf-85d7-47bf7de0a18f,Virginia,X,Skinner
69f398e4-b282-40ee-843a-7b0779babe22,Robert,X,Lambert
a06d8524-53c1-4260-a95a-e4507fdf7745,Jeffrey,X,Sheppard
367e1828-1cd6-41a0-979c-1aca60326515,Jennifer,X,Merritt
ec895001-11b9-44a2-9be3-1d543d9461d9,Michael,X,Hahn
8dc5f731-a658-47e1-acec-d5cb6e74a573,Elizabeth,X,Morris
3d3b3328-aa73-445f-bfb7-db786cdcb51d,Sean,X,Chavez
e058919e-7d25-4689-b93a-ded1d409b04e,April,X,Landry
4a59a3a5-fdfb-409b-8700-dbf4490f87d9,Sherry,X,Miller
7185b003-805b-48b0-8659-1a60fb99dcd5,Kyle,X,Sweeney
4f894867-607d-4c29-9d46-410b3235b4f0,Lisa,X,Mitchell
f08a1b8d-4329-4869-a0ce-1b0db4f646f8,Ryan,X,Brown
af48bd11-5cf4-45dc-8745-8296ddd0245b,Michelle,X,Jones
2c53df3b-db81-4126-a47e-3953c72ccc4d,Jane,X,Logan
e5ace0b6-34db-4616-8fda-dbd5a8aed77f,Anthony,X,Marquez
91ee8704-3917-4527-b5f0-ec4a22cfab77,Laurie,X,Shields
e7cc5960-dc8a-4d06-9437-87b8d11c42b3,Zachary,X,Rice
c9e57fbd-0805-4b7b-b3b5-03558e6e0786,Peggy,X,Mitchell
f9bff663-1a3a-422a-959a-d23ae4e963ae,John,X,Neal
ff51df35-91b2-4b84-b7f3-e2f43c4f51da,Matthew,X,Dawson
c69df387-947a-43ab-b387-d63f3f50e7b5,Steven,X,Daniels
f27c4195-80ce-4e75-a5a4-363efd974146,Scott,X,Williams
5f4ef3f2-a660-4a38-ae1d-26b1bb05aba8,Michelle,X,Watkins
82db6711-ab5f-40f1-baaf-80a49043c32c,Yvonne,X,Parker
2e6f7062-95b4-41a1-8798-078426eda2f3,Jill,X,Ramirez
d622046c-7a36-4819-82e7-f23b38372751,Laura,X,Cochran
14856e92-da2e-4041-9650-30f72fdfc3a1,Taylor,X,Colon
58297d94-70b4-4ccc-94f9-5d5f9d35d990,Christopher,X,Ramos
361c2238-790f-42c4-98a2-6ec6299176a2,Elizabeth,X,Baker
4d6e2ca2-7752-4ef2-b229-f4461ac7c591,Steven,X,Quinn
6bc6f98b-8613-4a01-a6ce-51cdc53e2e26,Alexis,X,Davis
0c5d2e2a-94b7-4845-a6e2-60a799b71577,Sara,X,Wright
82eddf63-d020-4f56-8941-f05e563b1835,Donna,X,Wheeler
d1853fa4-ff20-4132-a552-852fd2296616,Teresa,X,Bartlett
f041ba2b-897e-4d2f-a2a7-ca420e5a14fe,Amanda,X,Roberts
08b1f054-609e-49eb-a739-465e188efecc,David,X,Decker
5d94e4c1-2b0e-4abf-a88f-7c2fd52c9024,Brian,X,Mack
026d5fc4-f040-4b29-b9a9-a2ae206a5784,Jennifer,X,Bautista
8f28a198-d209-4499-ad1d-74adb4293d9e,John,X,Manning
6ba59a6d-c402-438b-9e2b-10d01eaa5830,Kevin,X,Patel
0d78109f-2a46-4cf5-8656-1a18302ab3ad,Sarah,X,Harvey
601c6865-87c9-4f9c-ab9a-8b2600ed407d,Susan,X,Murphy
de4d13d9-9c83-4d84-8dd7-a9066bcdc8b7,Matthew,X,Burch
de285828-4026-4f53-ac69-53b621761f97,Lori,X,Williams
88b3ff27-a5c7-4623-8bb8-4075a4cf7f19,Danny,X,Garcia
9ae8a785-1d0b-4bcb-92b0-bb09b7777b00,Anthony,X,Burgess
b76fa5da-a359-47ac-8950-73931d3c6a2c,Heather,X,Adams
34c912cc-f1eb-4aaf-8da5-c98016db1fef,Amber,X,Cook
cb936409-c626-4af6-871d-ed1be23c88fc,Kirsten,X,George
6df965ae-841b-4011-9a4b-22bd53ec660d,Jimmy,X,Henry
33488a67-f02f-4e11-8d48-1f694675eb71,Adam,X,Howard
9597a0ca-dca7-43d3-b3b3-73c50d2cb392,Andrea,X,White
3ffc1f0f-b5ad-4a14-b3f6-4ef921ad79fd,David,X,Combs
10fdc9a3-de35-4a20-b3e4-f4bbc6480aa7,Christopher,X,Mendoza
0c95ddff-be2d-4f1a-8fb7-3b3e98590864,James,X,Moore
5ef66aba-9950-42b0-b91e-f50abe01734c,Kevin,X,Norris
bd7c3c18-ee21-48a0-8484-95ad63771cb7,Amy,X,Austin
5f8a6026-4278-49ea-9510-6fd19c09ca16,Dominic,X,Morris
9f31e1a2-f921-484b-9495-bf285c161c7a,Sarah,X,Cook
f1418b2d-fc2a-4b0f-ac2e-176a19bb81dc,David,X,Adams
d44f1f79-f37e-402f-9b12-d8ee8057c7ff,Courtney,X,Evans
4917348e-9be3-4f28-a5bb-78b7fa1f4f33,Daryl,X,Burton
945f19a0-52c7-4013-9d6b-0e9a5fef00cc,Carl,X,Hall
cee54d7c-6b6f-4df9-a20e-d8225e32139b,Brendan,X,Arellano
cc7ebe03-e29d-4b5c-a7a2-2c74e1752b41,Kyle,X,Allen
9921e466-5523-47f6-befb-63edad74928f,Kenneth,X,Clarke
4ea95fcc-be32-40b7-b7f7-bccf4dea817c,Tammy,X,Mendoza
0f8135d7-32e2-444a-9de1-d0b4b188d55c,Don,X,Cherry
5ac7258d-0743-45a9-b7f2-1aa27c480b90,Marcus,X,Jones
8b5f94de-7627-4519-88b0-cfd93c886642,Kevin,X,Joseph
64ab227f-b312-4a3c-b5e5-8b1aec457e88,Elizabeth,X,Hill
213c80de-cde7-4347-9bbd-cdf6cba403a6,Paul,X,Wyatt
1ad5a8f4-78e1-4047-9755-2475259eaf4e,Paul,X,Jones
a607cd7c-1cde-49ab-bcce-fb2083f01bb5,Mike,X,Bell
852fee0d-68c3-4b97-93ac-e0ef0b30b7c4,David,X,Lopez
df4fa567-d342-4886-bf06-0172e65d4380,Christopher,X,Hansen
29b3f45f-8de9-4399-a786-3ce3664e8d56,Gabriel,X,Frank
be05c71f-e4a5-4a0d-90e1-b6912db424c8,James,X,Sullivan
1c179a6c-c1ff-41b1-b22b-da1ffb83e8e3,Steven,X,Brown
38275270-9320-45ac-b4b9-4acc2c51661b,Steve,X,Webster
b586e0d2-1b13-4f28-bdf1-acbba3f50e3c,Katrina,X,Parker
26e040d9-65a5-44ed-8602-d2e326e645ec,William,X,Morales
86c81dc8-1df5-499c-8592-071fc2b40531,Kenneth,X,Martin
7bf8f256-c764-479a-9808-64ddccccdb61,Michael,X,Chung
ddc8ff73-7f47-4c2b-8aa8-8bdf5e8a5ea6,Darlene,X,Leonard
57cc1c6c-74c9-4424-8eb6-f11eb4daf501,Philip,X,Walsh
af34f7d1-7456-4d38-bf0d-fd3357889c9f,Donna,X,Fowler
cec60855-6790-4c54-a8ee-14fb782752f1,Gina,X,Cooper
6c3f6b57-3fe6-4143-872d-1a18490a2b4b,Marc,X,Whitehead
968c935a-659f-4cf7-bd7a-c0a59a66c2ba,David,X,Brown
452e3624-7966-4845-bd11-bdd2105952b4,Todd,X,Gomez
dd569702-49e9-4914-b021-55c6700bd999,Kelsey,X,Richardson
e3c784f3-4ae1-4f6a-adf4-3e71c5f1934b,Kirsten,X,Scott
82aad27a-7223-4e6a-b8ae-1dfe31185520,Stephanie,X,Adams
0406f8e1-9a57-4c37-83a8-309ada3b4255,Zachary,X,Pitts
ca30e423-3aa2-40b8-8fb5-4b79f01b4aa1,Rachel,X,Joseph
59139315-cd31-4244-9e38-b21a2e38a002,Sharon,X,Williams
a6dfc5fb-71ae-4ba7-80a9-0122cb120e69,David,X,Johnson
de15b95b-ab79-4f3c-aa3a-090fa2c940f0,Dawn,X,Lawrence
6a914f74-719e-4801-acae-0d27e794aa98,John,X,Cooley
0190189e-b9a2-419f-bfb1-5e1f4791a58e,Yesenia,X,Williams
d807f32f-ed13-4f10-84bf-a00099ee0589,Andrew,X,Boyd
ddc15780-f275-4680-9165-e040103304ce,Jessica,X,Chavez
f3b4fa76-880d-441f-beaa-1ce88afeb068,Jeremy,X,Williams
ce6de862-279c-4e62-b026-e011516bfbc0,Brian,X,Jacobs
5eeff16a-594f-4914-a0a2-0ae9853cb314,Christine,X,Jones
c0f8d523-d91e-4ae8-8a61-9cf333149b51,Caitlin,X,Walker
5bbb8df2-36bb-4818-9de2-ae895399e7c3,Darrell,X,Mckinney
e0c1c566-f231-46a4-9a5e-e267b404ff73,Mx.,X,Adam
772fdc6f-7193-488e-9b2f-26bcac1fefe5,Tina,X,Peterson
ada7f975-1c69-4d55-b312-c8b841f03dcf,Chad,X,Herrera
5c0eb263-ed17-4094-96e0-ed2f856ee770,Kelsey,X,Harding
f498256f-8d4f-4e96-b0f5-d514f67317e1,Robert,X,Myers
95ae9c16-f2f9-4d52-9de2-48e9aa794b7c,Alexander,X,Davis
6dcf1240-ed10-4e96-8c33-09f9ec2d84d3,Bradley,X,Kelley
f05df740-b87f-4373-a614-7dd974eb0c82,Kimberly,X,Cook
a930c987-a4a3-4ce0-82d5-e2c90d07555c,Steven,X,Mcconnell
e6b01a01-f785-4f1f-bea2-7d93a2e78f8f,Stephen,X,Collins
3546873b-adc6-4bce-9b5b-77b16f83b3ac,Sarah,X,Kennedy
9ff9e6d9-d1f4-438c-97cc-ced53331f468,Joy,X,Sanders
9e55eaae-12f5-452e-9c89-bdb15efdd830,Bailey,X,Johnson
c2c63112-c006-45e7-b697-0476a3cc8e92,Tyler,X,Arias
55c9a3e3-736f-496c-9368-0fcf89dea2b7,Steven,X,Johnson
eda89c4f-fb95-4b28-9359-8a082611ca1f,Stacey,X,Wallace
cba7fe22-2d03-47b9-8359-4d4ff14edcad,Robert,X,Walsh
66480783-dd6b-42ec-bf87-7c3cc760b542,Anthony,X,Perry
42bd6e4f-88cc-4d7f-87fe-2d34bce4b563,Judy,X,Wiley
e1cb82e3-3615-4f02-8a68-3c2e86ccec8b,Donald,X,Deleon
c2e0d456-f3d9-421a-bdb1-f87133223f36,Bradley,X,Myers
f60b12db-53ed-435e-bd97-afc69455b2b8,Kristina,X,Martin
f315025f-5be3-402d-af49-64276b79494f,Antonio,X,Franco
3aeba5a1-7f02-4af7-9fa2-829533111f61,Rachel,X,Campbell
453dd18b-99ed-4f49-8ced-b62598a5047c,Tony,X,Rivera
6586e269-e7c3-4702-8320-233e335f5707,Meghan,X,Murillo
d76c1a19-1ef4-4f12-b592-14dcd2947115,Penny,X,Simmons
93d3e903-0a11-4fd9-abc8-71ff726e3056,Sarah,X,Lopez
6970f7f5-85a9-4592-b0c7-6497eaefe177,Tonya,X,Baker
91623509-fccb-4bba-a1b8-4b9be9cafd88,Anthony,X,Gonzalez
10dc7a13-4279-4053-baf4-eca12cce6e60,Christian,X,Perry
7069e1ae-6b8e-46d2-8d6e-575be2f88aed,Kim,X,Kennedy
89b4cc12-e561-4a2d-8a96-5bce7ec7f1b1,Daniel,X,Rubio
841ba97c-65de-4f43-84fd-59c9e329d3e5,Robert,X,Lee
70721353-ff44-44c6-a412-c79f86950d61,Keith,X,Neal
fde2bb88-bb60-4532-87bc-dcbaba0fc8ba,Juan,X,Burns
a51279f2-bdbe-4b92-bfca-239581aa04d0,Kenneth,X,Hall
fe9b0766-3450-470e-ad9c-ae68f0a24c77,Ashley,X,Wolfe
8fc77662-e556-4be5-a12e-decc5c214c8b,Erik,X,Cain
ed135174-14e6-440c-b953-cd4ec4906e5b,Lisa,X,Guerrero
35cc733f-8912-4122-9456-be169d328a82,Holly,X,Roberts
71005fd5-1af6-4201-bea8-7cf3bbf80ac8,Stephanie,X,Dixon
8da792d9-0867-4641-9583-eb9061e4ba37,Sandra,X,Randolph
ab201632-8f29-477d-9491-7f93ce42c277,Stephanie,X,Lester
0c278a3e-bfbb-42f4-935e-da1d1d15be18,Laura,X,Leblanc
466cccfc-5615-45da-98af-80dcde0c3f46,Kayla,X,Williams
84ad0863-6de4-4e1b-9f91-ff796427f8ea,Mx.,X,Emily
4922e217-ba4c-4337-94bb-f4c49097e7b3,Justin,X,Robertson
ec08713e-c270-405e-8692-51b9f71344a9,Jerome,X,Rodriguez
5f690fd1-6dd6-41cd-b970-9865ff412159,Daniel,X,Miller
2d5a12c5-71ed-4984-a9ba-c51637284d91,Robert,X,Peterson
7ffc7ca4-799f-4a4d-8a2f-42ec9b95ce58,Jeffrey,X,Martinez
8baea60f-e23e-4f95-958b-4691f3daf3b9,David,X,Aguilar
845851f0-30e8-4590-8482-60ed8c55c108,Stephanie,X,Young
d5ccb60a-82c2-40cc-ba1e-ba168a4f31f7,Isaac,X,Young
895facd0-a0ca-49d9-aaba-8958bf2d3958,Christopher,X,Marsh
b2b0898a-de28-44a7-8fd7-683a251b4b52,Tina,X,Blair
50ebb407-ccba-4a2e-b499-f817c9a929bd,Larry,X,Ramsey
8ed2d17e-dd93-40d5-aac0-cbffe69ec38a,Richard,X,Horton
fa866f11-6b55-4219-97b8-18b9d8499fdb,Robert,X,Rosales
c6218c1d-e2c7-4991-8057-95ca2450e277,John,X,Carlson
2e82ee41-3812-4b13-b511-51db4c280ada,Erik,X,Sanchez
cc51ab14-8b5c-4cfc-8ac1-f74ac987b502,Alexa,X,Garrett
ea5f25f7-5544-4d1f-8095-bef09df07ed7,Penny,X,Lowery
bafc7bee-0df7-46df-82ed-ae93fc6ccd56,Ronnie,X,Smith
604edddc-f69c-4040-ba5e-0a8a3aad2026,Albert,X,Long
63ff1eab-cab0-423c-b297-8d1fffffb7ef,Lisa,X,Spencer
84afb571-27ab-4887-bda1-03bc2d5a1a70,Stacy,X,Potter
894ce434-abe4-427b-a772-97a5bf217b34,Heather,X,Mccarthy
9c5e4174-e147-415b-912b-3f5aaa7346f6,Joyce,X,Irwin
8eafd2b4-5890-4789-b881-09683ce2de42,Ashley,X,Jennings
226ea459-18dd-4b1d-9664-b122a0793ab4,Mark,X,Armstrong
c71872f5-03bd-455f-afd4-adcfde207236,Alison,X,Richardson
61eef437-8b65-400d-9c52-753702cf9073,Maurice,X,Johnson
c1dba3f8-5463-4968-9672-f495af2f1784,Carolyn,X,Durham
46f4dd6a-eed1-4740-a365-604737b21450,Charles,X,Anderson
92b6ee1b-7c04-4163-8d5a-9f119e2f5d2c,Jessica,X,Smith
72a35147-2e10-4757-a555-486331b6608f,Jennifer,X,Strong
31ae3af0-7bed-4bb9-942c-f97fdfc19a9b,Ryan,X,Zimmerman
fb48e0fc-bccf-4bae-ba73-a6642c155022,Thomas,X,Chapman
1262b368-2079-42f0-90fc-52db73973ba8,Monica,X,Gibson
cfab9a96-37b6-4e05-81ab-acd835b926ac,Jonathan,X,Joseph
54d13016-bd9c-4153-b590-63f708b7186a,Laura,X,Grant
44eac95c-e392-443e-b62b-51591dba5917,Hannah,X,Herrera
ed6a024d-793e-4959-99f5-50150a7e5cb3,Lawrence,X,Bolton
d25e1d8c-0de7-4f4f-8c45-05d7174df9d7,Tanya,X,Lopez
d033d7e6-72f9-4f78-994d-f88abd57341e,Jennifer,X,Martinez
661d5c83-5b3c-4c73-af70-c7ed8d129ed8,Andrew,X,Smith
0fce65b4-78e1-4d2c-8da1-ef6ed7154222,Nicholas,X,Wilson
c452a944-ffd2-4ca8-bf11-736d868fa678,Allen,X,Garcia
c3d62a1f-ff85-453f-b154-32d770b0d0ec,Karen,X,Carson
c87bb300-48c4-42ce-9bbc-70c23fada536,Richard,X,Cook
a73514f5-f360-46cd-b2bc-08921f86d8c5,Adrienne,X,Perez
eeb6ed73-b577-4b5b-9529-65f6551f1311,Julie,X,Keith
b0deaa6d-75da-4144-8f19-35b974e7fd8e,Vanessa,X,Rowe
8ad852d1-01aa-4e13-a37e-a7a4a39e2f66,Joseph,X,Gibbs
416a267e-6b3a-4ad9-a571-3352e9ae68e3,Brian,X,Robbins
c8d9d35d-a475-46fa-8a2d-a629562285ec,Donna,X,Serrano
7532ad11-9521-487f-af6e-8325f25d0afa,Valerie,X,Cooke
9f7a7a70-be42-4169-a6b4-d6573a9e3a1f,Angela,X,Patterson
640aff52-f870-4577-9838-d1dae3e51f95,Linda,X,Stephenson
746c9922-01b0-420a-a39f-30af566c5b44,Veronica,X,Campbell
35ae1949-efa5-49b2-bc1b-a0c324d41ac0,Joseph,X,Orozco
daf77385-2db0-4128-a504-96178cd3b35d,Natasha,X,Taylor
12cf73d1-edcd-45f6-86f4-649204cb31c3,Pamela,X,Hardin
93a697da-e3b5-490a-83b4-85a625dc6610,Brianna,X,Smith
6bce02bb-2556-41ac-a6a6-0036a91d5e2a,Donald,X,Perry
87c06560-9bc9-4088-a611-eafda2b3b080,Robert,X,Wilson
050c3aa8-3360-4017-a9f5-77825439ecc6,Tammie,X,Garcia
5c25e288-14f8-46ee-942d-201f1363fa37,Ronald,X,Hopkins
b169507a-e40f-4418-abce-b9e7fc65306b,Megan,X,Black
1ced3fb6-d2c5-4df4-bdc9-33089ec97b6d,Jamie,X,Shields
30ad6b0d-4efa-49db-b8f6-0593815a8903,Scott,X,Murphy
6579a30a-50bf-4611-9673-77eba612cc4e,Danny,X,Ali
eb97737a-ed8e-4b1b-ac17-f2bc3758b52b,Katherine,X,Figueroa
7f0b346e-2929-4594-b6ba-356981ff9015,Jerry,X,Tucker
a0221b84-afaa-4d12-bd28-0537f6b077f2,Alec,X,Camacho
99670bbb-d83a-4962-8b80-e21f1c062aeb,Jacqueline,X,Robinson
1b6b781c-af1c-450f-88d3-10b5e2339d3f,Virginia,X,Sharp
a8cca3a7-fd06-4d97-8dee-41e2fc1c58c0,Nancy,X,Haynes
b980f333-cce9-46e3-946d-82d48f85f0b9,Jonathon,X,Hudson
f396780a-db00-4ada-80f2-65264682be65,Jessica,X,Conley
1040420b-6ce1-4713-81e0-45d09e3158b6,Linda,X,Mahoney
4ee63a0d-6959-45d2-a4a9-2ba9b6ba9745,Cameron,X,Mendez
14d5b471-071d-438d-b515-846627f9feb8,Sophia,X,Oneill
5ac921c4-5db8-4164-bb52-c6b697f0bcb6,Glenda,X,Rubio
c2e1ecc6-65bb-4a80-8124-80fcc2dcbef5,Patrick,X,Bradley
ab70c3a7-0f0d-48aa-8964-80f21b2f622b,Patricia,X,Rogers
661d7825-56f8-497e-b52b-0c83de107d9b,Thomas,X,Rose
373a70c6-a728-4d7b-b33c-cfc4cf78f9c9,Scott,X,Nixon
2e187a09-829a-4f99-941e-ae6033bc747d,Catherine,X,Parker
cc0d2076-cb30-4d83-ad9d-2c55e4ce2047,David,X,Smith
649df60b-89e4-4ebb-9378-6ca5225e947e,Cynthia,X,Scott
fb485382-0004-43a9-879b-d6703b33ccf2,Keith,X,Hogan
228aeab3-7456-44f2-a11d-489a63643c91,Tina,X,Craig
57b70b0e-7be7-42cf-91bb-33a46ae9c673,Heather,X,Mendoza
d8f53879-cb39-4360-ab8d-c883af2131ab,Jennifer,X,Ramirez
c673b0fd-5c6f-4527-ac2c-f93aa3b0068a,David,X,Solis
37ee7f35-38b5-435d-9696-dbc9b99e2f8e,Peter,X,Delgado
ec84847e-c54f-48e2-9fb6-e8d4a1d2da22,Jessica,X,Nicholson
5ddde893-57a1-43d4-8cad-c66134509a72,Kelly,X,Fowler
475b1dec-6642-46dc-aae3-ea1d9de21050,Ind.,X,Ashley
40649d10-5d9b-4f4e-8632-9fc6f12f5abb,Taylor,X,Morrow
4ef22e5a-4d1d-40fa-a504-3b91ead45e3e,Anthony,X,Foster
e25024a1-a03d-464c-8350-e42def4c0b05,William,X,Sharp
6d726a4d-1545-4205-9025-87c375e83df7,Erin,X,Wilson
a1df2960-c348-4af5-be60-02c05367500b,Nancy,X,Barnes
dbb56189-a821-4ee3-9f47-dabede9a2d14,Adam,X,Guzman
0fb87f0d-dbc1-457a-9317-950cc3f02dee,Mx.,X,Gregory
4e21eac1-eff8-4392-b225-5b98f089dbcd,Carrie,X,Potter
b67caa5a-e736-4601-954b-0e3bd0ced37f,Andrea,X,Martin
bdbff3cd-35ce-4605-8b65-0d69c41ffda7,Mx.,X,Ann
79bac538-6550-47c4-b2d4-46ed1c869f30,Teresa,X,Middleton
aa2fc9ff-a5d9-4014-8ed7-1f2130368107,Marissa,X,Martinez
278a100f-1fb3-40d7-aaae-a0c27520a758,Jacob,X,Rose
d4a72859-ad06-4da7-993d-9d3599f86934,Gregory,X,Marquez
7c4cec50-5054-4030-9639-5fe937eb5814,Teresa,X,Page
51a71c29-b144-4635-b50f-6d78d873e3c4,Cheryl,X,Preston
79f87a1a-7624-4c55-a881-cabc788f2e31,Krista,X,Peck
4e228996-a88c-47f4-b358-9c9c4284e469,Kristin,X,Arroyo
34431984-65f2-40cf-83d9-be93ea3393cb,Mark,X,James
e12978dd-5202-487c-bc23-4946198bda9f,Sharon,X,Gaines
201dcfde-d507-4bc8-a5e0-ddeb16dd8e23,Alison,X,Smith
92e2a1cd-c1cd-41b7-a1ed-8ffb544a4ac3,Ind.,X,Brittany
e6432373-3db4-4b4f-9b6d-912ee61673ee,Lori,X,King
0bb096c8-56e1-40b2-8406-36efebc94c43,Sherry,X,Erickson
6cd5277a-9fac-4cf7-9c99-65aa576de6c2,Joshua,X,Williams
b5561133-3746-4823-8620-02b63f51fa83,Lee,X,Manning
03bb7f98-13ca-475f-a0a9-d445976c6479,James,X,French
241e3a8e-fb0e-4775-a2a7-c328f8308a57,Amber,X,Rogers
9e54cb71-8ab2-44cf-b1a1-3a0af8045842,Christina,X,Watson
1055e605-d98f-493a-a431-b32daaf0846e,Samuel,X,Martin
021d69aa-3529-4789-84f0-4e5bdbe9af2e,Thomas,X,Boyle
75863164-db6b-46d0-81c8-780ac6de7272,Hector,X,Mack
7ad51b6d-d1a7-41b8-9c24-eb6567c45d8e,Jennifer,X,Sullivan
18102fa2-3fa2-445a-a153-7cce83397e11,Steven,X,Lee
cea152a3-a5a6-4147-b20b-d711d975bc76,Tony,X,Kirby
b1d26d55-2d76-45d1-88a4-b5df30a2e78f,Sandra,X,Bond
6be4dcec-d0dd-4e88-81c0-40458a668927,David,X,Moore
8f79fd5d-26f4-4332-bd17-683d50fe3b9b,Bruce,X,Shannon
361ad4c9-9512-42ca-a2f6-3c40475902cf,Douglas,X,Ward
57d8df3c-0517-41a6-9591-89d8489db483,Jose,X,Diaz
9a392123-dacf-43c4-b229-a5926b0e3e88,Jeremy,X,Collins
18170bd4-0e5f-4224-ad1d-bf9a3491de90,Joseph,X,Collins
a1e49122-3c9b-45c1-bc7a-71a5099c353e,Stephanie,X,Lewis
562ee90e-3e33-4722-8e4d-1b1becda6157,Heather,X,Perkins
94cb020b-91a4-4d2d-a97a-bcf28cb9caea,Sarah,X,Kelly
6856f34e-b408-4b48-b4e0-751f7fd4580c,Rebecca,X,Olson
bdbf91fd-d1a1-48ad-aa7a-aa4691dd248f,Victor,X,Wyatt
21e8822e-951c-476b-8da7-e7c7e3e0cc13,James,X,Rodriguez
612d8c5e-9789-4ba0-b686-c30fce3fc3e5,Angela,X,Deleon
bff9491d-7f85-429f-bd70-6cb73c57cd9f,Nicole,X,Shaw
08457091-09f7-43d7-876b-ed131a248e0e,Mary,X,Lopez
53ece4a1-3817-4ccb-8f7b-a82ca301a944,Stephanie,X,Wells
b5883368-bf33-42e9-9f8c-951aa397640c,Susan,X,Vance
32c78faa-6148-4767-ae43-9bc9d07bb625,Sean,X,Ross
d7d7460d-88f0-4ab6-98a6-087824de21a7,Julie,X,Boyd
db5f8862-ad2f-48c7-b73a-0bbd93efb2d9,William,X,Hayes
bcc93d53-d8f1-4087-a21b-37d15260dcfd,Lori,X,Petersen
b2a9d0a3-9158-4611-a612-7a383f7971a3,Jordan,X,Morrison
bbe16e7e-e2ef-4ce4-a45e-5b8d515d156c,Phillip,X,Smith
b769c556-99d5-40ad-9798-047883ed50c2,Diana,X,Browning
ad2e40c9-40be-4be1-ad84-3880c53b327f,Jorge,X,Jones
82897e73-f929-4ac9-a071-b0707d9f282b,Phillip,X,Harris
eda312cd-50e0-43b8-80d4-8c1adb601da9,Daryl,X,Brown
740d0f72-0c3d-45d5-8ade-82fb60a22297,Joshua,X,Moyer
f812088a-c13c-4485-87a8-ed1d13b0d9e6,Joel,X,Cook
478100b8-bc66-4255-b64e-a637bec6b2ae,Sharon,X,Smith
d19fec13-87d9-44f6-b552-1417353c68ff,Tara,X,Coleman
7d7a741c-70be-4454-b283-a02c46735975,Natalie,X,Ford
241f5fc3-52c4-4859-a81a-300e198223e2,Nathaniel,X,Grant
d3f4b835-36d4-40fe-9234-b5c6694ec241,Jessica,X,Crawford
3d932f52-abc0-45e7-8582-2daf92bfef8f,Kimberly,X,Smith
95745732-354a-4b80-a42c-7f02be3e850b,John,X,Barber
a4dafdd3-6add-4432-ace2-4f556d854cae,Kevin,X,Valenzuela
a1320543-1f3c-4503-8645-58eff10e30c0,Jessica,X,Baker
e72aa94f-a888-4f68-ae5c-cb2143018dee,Kristy,X,Marks
d951c78c-d9a3-4e46-8cb2-5f2944e75347,Raymond,X,Nelson
93b18a8b-1ff4-4d1b-ad36-343c4c901ccc,Monica,X,Kerr
72783b3a-2feb-4c4f-b94e-d5cd8f0b11ae,William,X,Castillo
6637fb03-1ef5-4d76-b948-0f1df28d9211,Julia,X,Mcbride
37f05767-53a7-4229-bed0-7d08ca9abd2b,Dominic,X,Ball
50b6f0a6-3f66-4194-98bb-8b8ea09d00f4,Lance,X,Good
d81f7636-667b-4e90-a95f-d402f78d00d8,Christopher,X,Kim
97de2d39-fa7c-4791-8f62-69d0b86d3ce1,Kendra,X,Brewer
bbd19f01-c8fa-4c75-b508-e28729bc28cb,Matthew,X,Hancock
cd02d756-245b-47c7-b127-71cdaedbdfaa,Laura,X,Cook
1b3988ea-7e9f-4d24-947a-1261da525569,Robert,X,Huerta
9d75c788-68b7-4089-b910-075e1720781d,Cristina,X,Ruiz
be4be63b-a713-4b83-901d-2548a109959b,Shannon,X,Dalton
2430d7e9-c662-4383-82e3-750edf26e29a,Danielle,X,Hill
abfdbc24-be22-4116-a767-fd2e24f4025e,Bobby,X,Williams
efff2e98-6ddc-467a-8c66-f696719e2fde,Julie,X,Randall
6a01d550-9910-4eda-9279-428cc670cf53,Michael,X,Farmer
ba664534-1464-442e-b037-3bc0f0a6c506,Bryan,X,Herrera
66fbf640-435c-4787-bae7-39de566f41ac,Timothy,X,Hines
3f217146-a62e-4a51-a5dc-5340bfdfb2f2,Elizabeth,X,Mclaughlin
f49cdab2-39e2-41cd-b7ff-5a95fa1bc456,Brad,X,Hudson
b3397464-d5b1-4eef-ac2f-eb1280955956,David,X,Nichols
eab7c16f-e3fc-4a2f-b04f-cca4fad8d74c,Norma,X,Zimmerman
14b650b7-f38b-46ea-99a2-f7ad01363649,Justin,X,Beasley
5a768e79-cba3-4b0f-a53f-17021f14acae,Kelly,X,Glover
19905b27-bd42-4d32-9702-ac7b7ec6d08b,Jeremiah,X,Hale
94815cb2-4a15-4bbf-b952-3477d524119e,Timothy,X,Webb
b937add8-bd87-42d3-baff-f85143450507,Michael,X,Coleman
db9e9f8f-5410-40cd-9352-d1a179b12ed0,Calvin,X,Williams
08c93256-9320-4ab7-a4fb-da29e498f153,Melissa,X,Clark
f6c9cb19-2e16-41fc-9710-009018cac1d8,Kelly,X,Oliver
69ec903f-8e2c-4feb-9a66-ebcc92e5ba3e,Virginia,X,Gardner
1c607523-6b3e-4f13-a67e-10c038b4013b,Misc.,X,Samuel
2dcf57eb-5ead-4d8e-88cd-53d43d20a537,Jessica,X,Higgins
addc42c2-ab9c-42d4-b58f-8bdc2b82cd9f,Nancy,X,Adkins
40585272-707b-4669-a7b3-a1cb1cb66e15,Amy,X,Christian
a3955581-4d7b-40e7-9a7d-c6e17a4e6a35,Kari,X,Harrison
83bb24e2-baa4-424e-9edc-20eca4963bad,Adam,X,Armstrong
73a7d6dd-df6d-4c32-8e15-256ee145816d,Jennifer,X,Hubbard
70599f48-daf9-4f2f-8a9a-7273e51a4a4a,Frederick,X,Chavez
e3f18368-14f2-4b9b-9194-4413fe71ef9b,Amber,X,Greene
2c8d7baa-890d-4886-a598-833c9c0d0d95,Norma,X,Thomas
b94a49a3-629b-4bc7-b219-febb0db2372f,Karen,X,Davis
4dcb20ab-13e1-4d0e-9ee4-eace7af89450,Christopher,X,Shaffer
efe7bd5a-f8e1-480e-a4dd-6148204b86e0,Aaron,X,Kaufman
e016fa97-c4e4-4cae-9790-78cbe33079e7,Nathan,X,Ross
34b8e0b7-b9a5-47d1-ad9d-752ce08297b7,David,X,Carpenter
df9b085e-da39-4c48-b7b5-ea54d41c3a1f,Charles,X,Kelly
40357e59-3b85-46d6-b0dd-8c5fcf4f1052,Jennifer,X,Perry
c3261dab-80d2-4f47-bd4f-689e7188edf2,John,X,Gray
63f0ce49-47ce-449d-bc15-610eafd79341,Heidi,X,Guzman
c384fb7c-ae94-4660-982f-e85ebf8701de,Kimberly,X,Duarte
9269326d-16d9-44f4-ae30-d46e8999ae6c,Donald,X,Burch
7030dc02-06cb-4fa5-8f7c-77f3f4d83a2e,Nichole,X,Smith
8ec2b6b8-c320-4f39-8985-ca6cbf86b474,Brian,X,Williams
5a443cca-ce41-4f61-bdc4-d11cda66ecc1,Ricardo,X,Walker
a7eca1c7-882b-4ffe-9508-c889df55fa0f,Stephanie,X,Crane
496c31dd-fc4f-4870-bd03-cf7f39c7c104,Michael,X,Kidd
e55c834c-e82c-4bea-a5f0-c4f17f8c1ffe,Michael,X,Weaver
b7df269a-cbe4-44fa-8a23-ccd813dccddb,Kathryn,X,Hudson
5be97588-0bf7-43c1-a353-e3c7c9aa7c67,Timothy,X,Porter
61f3f63d-3df8-422f-b5f4-599f5734de9e,Glenn,X,Carpenter
260ba671-287b-4a2e-8216-40375f084892,Scott,X,Jordan
1809aca2-9eb5-4501-845f-e864b36a2120,Ronald,X,Griffin
6ea2d432-53c7-478f-933b-cba3c6fafb5a,Veronica,X,Powers
93a17dc9-eb5c-42aa-bc91-225a32099488,Jessica,X,Hicks
20d4fc97-d2f2-42e7-8f96-ea1bd0a19c55,Kim,X,Rivers
3f9742d7-dfa5-475f-86c1-41a4aa59e752,Brenda,X,Nichols
cd562ed3-e1d4-4b72-b4fa-8494afd49c55,Ana,X,Winters
e36cdad8-0142-4658-bb5b-9730545868e2,Mx.,X,Keith
29000386-64ae-4e36-ab7e-9859bf9959b0,David,X,Perkins
178b4d85-592b-4298-8634-5096fcb2e399,Jennifer,X,Terry
bfe729ae-1871-40dd-be2c-5ba8d1c2377b,Heather,X,Coleman
e39a493c-1299-4b3d-9313-8bf73d6152dc,Johnny,X,Hardin
e5717e76-afa5-4d6c-bbfe-84270d0934da,Emily,X,Steele
6667b6b9-9953-43e6-bd41-8235eff16eb9,Jeffery,X,Johnson
7be5d0f0-86d2-42b4-be07-2cd8ee7ae941,Lisa,X,Ray
2b05be3e-ddfc-43ac-a9a9-05caace571b4,Kathleen,X,Gonzales
dee5ef34-cedb-48d0-97e5-364d07057428,John,X,Burton
94f05a39-95bb-4012-849c-e6371118e41b,Jonathan,X,Boyd
55717a24-1217-43a3-a50b-e673504deeb8,Raymond,X,Anderson
2091d2a4-bec7-42a3-babe-ac70777cc241,Karina,X,Avery
2d030134-d271-4fe8-8108-aea117853466,Christine,X,Hughes
b09614ae-4315-4749-b053-2ae97911e71a,Robert,X,Scott
9f395cef-74b1-4b9b-a4cb-2fc938ab8258,Heidi,X,Taylor
a60f11a1-9ade-4325-b6aa-025f2e006483,Kelly,X,Dominguez
f0ccf785-1228-4279-8755-cd749c3a2f58,Melody,X,Smith
36106b65-8025-40ea-998d-00d7df8fcf5e,Christopher,X,Shields
1c7e5009-1f3c-43ae-abd5-e4d9e3ebb7e2,Mx.,X,Janet
f72b9019-b678-4fc5-b326-f6c73a8768e4,Larry,X,Jones
46b7ff77-fbab-49e4-9b47-f1563374840b,Leah,X,Mccall
f3ffa04f-6424-45db-8f47-c963321ab3bc,Nicole,X,Morrison
120289af-58f3-43b5-9bcf-2a9c76f93ee2,Mx.,X,Paul
783055fb-1a17-4052-88b8-17685cfc033e,Philip,X,Washington
0b2d693f-2f9c-4de8-ba72-9487b3a2f6e9,Matthew,X,Mitchell
ebd2ac46-be91-4cfc-9f14-0b8fcb6da520,Joseph,X,Shaw
44538b59-1d51-4296-988b-b9b97664b58d,Kyle,X,Snyder
cd3f75d9-8ee5-4a81-bd33-f59abd1cc944,Jennifer,X,Anderson
d0161ad7-9005-4120-a681-3be637d5f5cd,Tracy,X,Gonzalez
2760c2cb-bda0-4464-b776-a7db3500bbf2,John,X,Barrett
08190f69-eef7-4c1f-9b92-66c55888e6ce,John,X,Schneider
14218ee7-550b-4fe9-a849-338c79e85d22,Paula,X,Rodriguez
6a3d4cc2-af36-4818-823c-7aeff4ee079e,William,X,White
118de5c8-aa00-4148-89e2-124e75bc1d60,Zachary,X,Holden
4c69d45c-dc8a-47f3-9c35-bf34f05e9350,Derek,X,Stephenson
919fb839-71ed-4e30-9875-f1f358f720f5,Michael,X,Carter
30acc997-df48-467e-80e4-0157aacdb65a,Devon,X,Thompson
efc73921-b91a-4723-9da6-04faecc8c743,Valerie,X,Brown
67b799db-5a68-4edf-83c0-e3064a63837e,Charles,X,Moore
72bda885-9cb1-4c00-a064-cce47d0d2050,Amy,X,Harris
4fb45574-3709-4836-a185-df13f8a586e0,Allison,X,Rodriguez
196c440d-ca3e-4de5-a10f-b284559a667c,Dylan,X,Williams
61682a53-da73-4fa1-b993-92a0dea37a52,Sarah,X,Wolfe
0e2baf7c-8fc2-4bac-9e32-aff9bfd8832f,Jessica,X,Stout
ea8d48cd-a9e4-44bb-91c7-588b1b59d77a,Amy,X,Allen
29c6b25b-1611-4e43-a83b-c918e1d6b31f,Jennifer,X,Estes
2d0d148a-717c-45d2-b155-ab67a27439d8,Alison,X,Jones
2eb58a76-89cc-4e77-ac61-b599441e0e19,Troy,X,Marshall
748605eb-73cb-44c4-8141-becef4e519a3,David,X,Torres
a43e486f-a6b2-40c3-b07e-33c717aba4db,Charles,X,Carr
5be88dca-1d48-4509-aca6-6bf46193ea57,Elizabeth,X,Booker
1a31f467-2d1f-4d0e-a101-ac2ac4b80c30,Jeremy,X,Wright
35144612-ff5e-4b84-944e-10a409e8a3b2,Kim,X,Moore
3bbb9c8b-2ced-460c-8b2c-853029f628f4,Anne,X,Fernandez
61840b9f-928a-435a-ace0-7acda1f2b55d,Jeffrey,X,Murray
8b929a43-9c24-402d-bb91-f875738703a7,Elizabeth,X,Andrews
24289013-d6b2-4456-864a-2855555f1a9e,Amy,X,Davis
64007b98-5d69-4656-a9f0-80c7a59a000f,Christopher,X,Anderson
16b98dc9-1903-4460-b670-13360f7983eb,Linda,X,Stewart
7d63a36a-25c1-461c-b146-b5d6805e1d2f,Mx.,X,Louis
afff2caa-f4d3-45af-96f4-bdbb0ff84fb7,Laura,X,Phillips
f09cad9f-4941-468d-a842-78824b691e7b,Christina,X,Valentine
fffc3165-cf83-4a4d-9005-4cca02d592be,Catherine,X,Holloway
88a33077-40ce-421d-a1e7-c5585fd9923e,Michelle,X,Harrell
49af451a-e7c8-48cf-badd-9c0e3326d519,Michael,X,Sharp
b8ffa863-213c-455e-8969-c077549d410f,Amanda,X,Avila
c6a03be6-457d-4864-8bef-7b3205b4a759,Omar,X,Franco
b3a90e66-26fc-401a-a12c-4324ddbc9f0a,Derrick,X,Gordon
233db58c-3a1e-49d7-9b77-9689abb34256,Samantha,X,Flores
67ace441-f42c-476b-a872-bb29bace3127,Sally,X,Fernandez
93d39049-6b2f-4e6e-944a-19bc069b21c0,Charles,X,Espinoza
24df5d93-9d00-4f34-9101-a95f89d28fcf,Samantha,X,Edwards
13f529c8-faec-4a4d-8a0d-8ab681e1dd1b,Ryan,X,Thompson
f413d919-89d3-41f1-9243-9187cf467b3d,Kevin,X,Marsh
3f80d24e-56b5-43b2-bb81-6790cda78908,Jessica,X,Coleman
c0da1d4f-826e-41ff-ace7-a8a62514d053,Juan,X,Daniels
cfb8f98e-9f37-4db1-bde9-ef2fc00d423d,Angie,X,Hunter
cacae916-ecfd-4c4c-bdcc-6c870bf4bce5,Kimberly,X,Blackburn
099029fa-8287-48af-89a9-352c59d2a94e,Jessica,X,Abbott
9292bb8f-55fa-48b9-900c-f05ee4b47dc0,John,X,Smith
be4dd058-5f7e-4592-83bd-508d9ac3d914,Marie,X,Moyer
52f9a61f-549f-475f-8106-1091257a81e5,Joseph,X,Williams
699abed5-2fc7-4633-8217-15ebb9c472bf,Anthony,X,Conley
b176c531-5460-4058-a5b3-b9bd962059d0,Cheryl,X,Perkins
241a36da-0964-4a84-a8c1-8915df6e8934,Amanda,X,Sparks
ffb0f392-7d0f-436d-9651-0d75900487e9,Vicki,X,Chavez
fc9be6fb-b76f-4151-868f-9dd9af12f161,Kelly,X,Jones
f3fd03f2-8d02-4f18-a7de-22f5be9a1f0e,Johnathan,X,Johnson
d19092ef-978d-42af-8b66-75cc3ef2a0cf,Vanessa,X,Tran
5f55b54f-8617-4b24-9d5c-7656df4d6e1f,Jacqueline,X,Guerra
81124d24-950c-4f79-b421-b0e88d542230,Karen,X,Copeland
2fb12b05-98a4-4d37-92f6-6a5c6d7c721c,Mario,X,Murray
66103425-76f4-48b4-9b42-2f0d0ff30121,Bridget,X,Price
7acc7078-9e77-416b-a8f3-93f6b11fbcfc,Richard,X,Davis
77a2218a-93f8-48ad-8f7b-fb746744a50c,Jesse,X,Carter
7bb211ad-c643-41d7-862e-181dd55ed0b0,Angelica,X,Harris
e979dd87-93ca-4d6b-a4a1-3392bd3f2b0e,John,X,Dixon
6b746ae6-aded-4641-8de3-cc5d0bf34d25,Brian,X,Walker
190bfc67-8234-49b6-96b7-b174a676809a,Makayla,X,Cooper
46dec9b2-1276-4044-998b-8d96108f834a,Karen,X,Jones
277556fd-7b62-43de-b889-fe88b367eb06,Justin,X,Long
33516233-f0d6-4feb-89d2-097fb720bc21,Briana,X,Lambert
0789bd67-e693-4e00-be2d-9724bddc6afb,Laura,X,Raymond
c649113d-7d9e-4f1c-8583-46ec902a20e3,Steven,X,Evans
03294727-fafe-477b-bd2f-922daa8813c7,Kevin,X,Glenn
d6f7f0c2-d5a9-4b97-9638-6e6710704f77,Jesus,X,Michael
7c1449dd-1c80-4d89-a646-4b777b9d429b,Judy,X,Castillo
2eb96dc3-b45c-416d-85a8-a7a485c8164c,Mary,X,Hughes
1b1728b6-e3e3-4165-af66-29fdab2de6f5,Henry,X,Schaefer
1ae6450f-12a4-4d4d-a46f-f5c633ccba93,Sherry,X,Sanders
0f42591c-9953-46cd-82f7-88e63733d38e,Robert,X,Sullivan
72487750-b789-4b8e-aac7-553f592b5db4,Marc,X,Snyder
e7ba8b9e-034d-4916-bff9-41da206b31e3,Michael,X,Ramirez
bbf5dbd8-f9b1-4e34-91ae-ef1dea626cbd,Benjamin,X,Kelly
