6431259370568,John,Paige,Ferguson
1771074578686,Joseph,Elizabeth,Mendez
1905469342167,James,Elizabeth,Hudson
7609877521352,Jon,Tyler,Carr
1269758084818,Nicholas,Robert,Morales
2038930508328,Cody,Brooke,Smith
1113542803163,Ashley,Gregory,Evans
2604275690363,John,Kevin,Brown
1811796021110,Eric,Joanna,Silva
9725388155246,Brad,Donna,Everett
8078967067462,Jonathan,Natalie,Hall
5492734869185,Sara,Michael,Green
6962751203771,John,Ernest,Meyer
1292103228626,Robert,Jody,Griffin
4645596374817,John,Wayne,Lee
4772479012411,David,Tammy,Taylor
2030578404151,Susan,Jennifer,Ramsey
5049379620366,Norman,Sonya,Cannon
1090461556393,Katie,James,Stanley
1424396331544,Jesse,Jessica,Ponce
8660075316834,Connor,George,Stewart
5123081569650,Jose,David,Alvarez
5823954905105,Matthew,Lisa,West
2190202719317,Leonard,Karen,Edwards
1202628435051,Lisa,Robert,Taylor
0871914095852,Catherine,Ryan,Hamilton
6686834451112,Philip,James,Johnson
7083295748435,Laura,Guy,Sanders
0127285857361,Benjamin,Melissa,Washington
7787270197807,Gregory,Marc,Thompson
4343527408226,Ryan,Michelle,Carter
9102153162151,Jeremy,Chad,Murray
7005648978658,Chad,Katie,Perry
8397576680634,Darren,Cody,Gonzales
1650033323409,Debra,Michael,Vasquez
4776692506650,Steven,Aaron,Finley
8289114898589,Carrie,Jennifer,Sanchez
0805863008012,Javier,Juan,Cox
0362869587454,Lisa,Joseph,Riddle
7853466552565,Brandon,Madison,Baldwin
9020575436586,John,Heather,Short
9270204174159,Jennifer,Autumn,Nelson
2010835146851,Fred,Jeffrey,Branch
6477759167903,Ricky,Joseph,Rice
2992748218530,Kristopher,Janice,Morris
3271549450723,Richard,John,Johnson
5883203185190,Arthur,Arthur,Vargas
0556843394200,Matthew,Dominique,Hall
0849744618469,Jennifer,Daniel,Mitchell
7481281949786,Sandra,Ana,Jennings
5087864189663,Eric,Jacqueline,Cole
6646801463711,Edwin,Darius,Medina
4237051574487,Aaron,Nicholas,Barry
3263321718712,Katelyn,Mark,Mathis
6473392048481,Teresa,Alisha,Mitchell
1867598153727,Jennifer,Albert,Mejia
6756006897339,Jade,William,Leach
7513976090972,Peter,Roy,Davis
5485635897944,Kenneth,Joseph,Cunningham
9502373975634,Darrell,Cameron,Dennis
0105835387592,Patrick,Gabriel,Hughes
3850397045750,Benjamin,Rebecca,Parsons
9853583467778,Chelsea,Haley,Wilson
1132830509418,Michael,Clinton,Hicks
6192455547799,James,Christopher,Johnson
2889448173513,Roberto,Lisa,Davis
5776044449621,Karen,Jonathan,Smith
5450980833800,David,Robert,Walters
4194415523852,James,Sarah,Owens
1193066301482,Miguel,Robert,Gray
7635012878531,Lisa,John,Davis
6163952857396,Casey,Juan,Lewis
8658873705852,Thomas,Richard,Wright
0807176857907,Tracy,Dylan,Wood
3713619864470,Beverly,Mary,Cunningham
3732377369921,Mark,Richard,Martinez
1107104620849,Barbara,Sandra,Tran
0412552074792,Eric,Shawn,Cardenas
1791450831686,Nicholas,Melanie,Williams
3408347814426,Adam,Nicole,Norman
9890619037525,Michael,Cynthia,Lopez
4784375856167,Daniel,Benjamin,Cole
3851768415905,Michael,Sara,Lopez
8929650578201,Mary,Charles,Young
9353113338677,Jeffrey,Victor,Donaldson
7352245576008,Kenneth,George,Carter
8206933638065,Patricia,Rose,Nunez
5823971949309,Matthew,Michele,Davis
2436923424472,Jamie,Joseph,Davis
7546978460537,Roger,Diana,Jordan
0183358415203,John,Jacqueline,Adams
4227941151408,Joshua,Victor,Sanchez
9735182543503,William,Kevin,Barker
4601898676419,Michael,Jared,Oliver
7003688669541,Dylan,Mx.,Ewing
2079823888181,Jason,Erica,Gilmore
0849645169941,Keith,Vickie,Rhodes
9566572079266,Kristen,Brandon,Odom
2015158902183,Daniel,Angela,Gardner
2250358782401,Thomas,Sarah,Mendez
9049695324755,David,Ronald,Russell
4059924626624,Christian,Susan,Bishop
2637765158141,Christopher,Jason,Parrish
2950725214253,Christopher,Adam,Sandoval
4359030006230,Michael,Teresa,Smith
5569039976350,Justin,Steven,Richards
3090298128773,Rachael,Kristina,Nelson
3283783851939,Mary,Melissa,Lee
0245973147018,Susan,Justin,Wang
1961298580416,Jeremy,Stephanie,Arnold
8833430562623,Stephen,Deborah,Reyes
9518417717005,Patrick,Nathan,Sellers
8074050183920,Walter,Tina,Anderson
6283816428097,Logan,Dawn,Castaneda
0273158724139,Linda,Misc.,Miller
0768485291309,Steven,Bob,Franklin
0702304646242,Dana,Danielle,Harrington
9401186347665,Bryan,Charles,White
6557016072325,Antonio,Angela,Williams
0630984155964,Danielle,Jonathan,Morris
8567959114109,Mary,Rachael,Klein
6348114448455,Casey,Amy,Price
5725815300394,Andrew,Joseph,Malone
7632183729416,John,Anthony,Smith
7305199647549,Courtney,Kathleen,Mccormick
0590470131726,Kathy,Hannah,Downs
3955245316564,Carol,William,Olson
1452999043735,Jacob,Mary,Mitchell
2094676593316,Taylor,Jonathan,Galloway
8594605816766,Meghan,Adam,Young
3398504143302,Tiffany,Sylvia,Landry
5807626950114,Howard,Monica,Peters
9640946665209,Melissa,Linda,Powers
0353128238668,Kimberly,Christina,Sullivan
6838500548948,Dana,Michelle,Romero
3054673849685,Michael,Angela,Anderson
6234676677986,Tiffany,Charles,Huff
1219763708388,Reginald,Melissa,Burgess
0337536879406,Danielle,Matthew,Williams
8500773409508,Nathaniel,Travis,Walters
7288584821607,Sean,Timothy,Perry
8761776078467,Joseph,Andrea,Tucker
5964816492932,David,Anna,Turner
3842806204670,Jennifer,Sheila,Barker
5703508307243,Donna,Brenda,Lyons
4432015858760,Lisa,Matthew,Duffy
2343638081774,Gary,Robert,Parker
3093180353966,Charles,Robin,Bailey
4935114133017,Steven,Julie,Rose
5265556444929,Aaron,Lindsey,Stewart
5048330405313,Brittany,Donald,Russell
8285305375939,James,Martin,Martinez
6128127101062,Rhonda,Nancy,Stokes
7890745022430,Mason,Samantha,Fry
5807459187332,David,Stacey,Williams
3815756549457,Joshua,Nicholas,Suarez
6451801239119,Joe,Melvin,Mendez
1076299917633,Sean,Morgan,Banks
8425877086652,Dale,Lori,Thomas
2778499042306,Dominique,Sarah,Alexander
9311545289111,Morgan,Lacey,Ortega
2110370057374,Pedro,Robert,Morales
3906755141578,Lori,Jacqueline,Alvarez
9074786198694,Nicole,Oscar,Brown
1687062577632,Haley,Ryan,Cruz
8526857817741,Nina,Anne,Knight
5303824515231,James,Todd,White
3002126157501,Jamie,Daniel,Jones
6548699888068,Eric,Kelly,Martinez
8851673516551,Tony,Crystal,Khan
3868085534193,Logan,Matthew,Stein
9043594577607,Joe,Deborah,Gray
9371594223380,Eduardo,Seth,Smith
2575058789315,Cynthia,Julian,Brown
0997633025557,Shane,Nicole,Mcmillan
5691551935711,Gabriel,Cheryl,Collins
9873479997138,Jeffrey,Vernon,Adkins
2145658556886,Amber,Alison,Anderson
8889621189862,Jeremiah,Seth,Carlson
9605438491614,Anthony,Monica,Levy
1024200002208,James,Robert,Adams
4252155386396,Danielle,Tyler,Hampton
2728557524214,Erika,Danielle,Davis
9412336377459,Jennifer,Scott,Duncan
4588910635561,Allison,William,Webb
8256147242521,Michael,Robert,Davis
4585094777834,Lisa,David,Martin
7936347549071,Christopher,Angela,Lynn
1466639586797,Jessica,Angie,Gould
0276786581826,Jason,Aaron,Smith
0587233645883,Keith,Sabrina,Reed
9048633493650,Linda,Jesse,Molina
7841870092727,Jesus,Bill,Adams
1004138350059,Joshua,Michaela,Jimenez
9619539163698,Timothy,Daniel,Patton
7336229285367,Allen,Victoria,Burton
3043657273367,Phillip,Christopher,Clarke
7546265628112,Kathy,Matthew,Hooper
8410449354783,Mark,Angela,Lawson
9339898785805,Ricky,Michael,Wilcox
5625113356764,Norman,Larry,Christian
2691406210944,Alfred,Elizabeth,Sanchez
3207539904607,Jack,Timothy,Allen
8096057182772,Victoria,Elizabeth,Cowan
0864484638802,Sarah,Tanya,Rodgers
0465548433416,Zachary,Karen,Johnson
7048229585562,Scott,Julie,Jefferson
0997033622432,Kenneth,Leslie,Martinez
5095106399078,Eric,James,Morales
5083637273246,Aaron,Maria,Miller
4885402289492,Juan,Natalie,Flynn
7062645320393,Bradley,Jessica,Pace
3744342461895,Marc,Patrick,Wilson
2027297255520,Brian,Jordan,Benitez
5403103728503,Mitchell,Laura,Martin
5466666418478,Richard,Lauren,Porter
7166322517659,Michael,Anna,Johnson
8865827484953,Matthew,Janet,Murphy
3281483373087,Joanna,Amy,Foster
4791483995395,James,Donald,Thomas
8875446502382,Ricky,Jeffrey,Davis
1938501740458,Jennifer,Leah,Cook
5916446548987,Xavier,Elizabeth,Martin
9102421193159,Tiffany,Brittney,Singh
5803629346324,Seth,Kristina,Booth
0154450489926,Thomas,Timothy,Mendoza
7274932030574,David,Priscilla,Meyer
9880960661095,Daniel,Brittany,Wright
3683648059779,Terry,Joseph,Clark
6722060789586,Heidi,William,Guzman
8664417964297,Joel,Erik,Newman
2153738119112,Amy,Ind.,Wong
0519543704386,Tonya,Darren,Adams
6782792188013,Deborah,Charles,Mcdowell
2910599231571,Reginald,George,Little
6268781521771,Eric,William,Ortiz
6186345908164,Shannon,Eugene,Castro
0253509376943,Jared,Lauren,Stokes
1699720890632,Kaitlin,Kaitlyn,Garza
3359541437928,Jose,Yvette,Robinson
5243348560827,Derek,Monique,Brown
5462145212404,Eduardo,Nicholas,Evans
9111269520044,Amy,Brandon,Schmitt
9757340224823,Kathleen,Tracey,Reid
4818266664067,Ryan,Willie,Suarez
4321846077576,Jeremy,Nicole,Joyce
7261128272515,Jennifer,Tiffany,Scott
0210660632663,Jeffrey,Shannon,Ortega
2932067913573,Stephen,David,Watkins
8445550717283,Tammy,Clayton,Ortiz
1920885596862,Christopher,Tamara,Palmer
3889861267015,Joshua,Darius,Bowman
8497840120616,Mark,Grant,Stephens
6160211493458,Angelica,Robert,Bruce
0705558293407,Kevin,Vicki,Green
0962539839441,Antonio,Kristin,Jackson
2516677916877,Craig,William,Rodriguez
4962042016504,Marilyn,Hayley,Chang
1205280974899,Kelsey,Jack,Lang
0038912280669,Anna,Jodi,Reyes
2542988724913,William,Charlene,Hawkins
1322786185049,Dennis,Kevin,Barker
4398712551277,Kelly,Joyce,Parks
6703274262266,Tyler,Joseph,Monroe
2098284113845,Robert,Daniel,Osborn
4204956021935,Scott,Jill,Brooks
0099531926348,Devin,Johnathan,Nelson
0722235863230,Arthur,Douglas,Harrison
8852862398199,Kelly,Gary,Henry
0263448963265,Grant,Virginia,Baker
6139975179763,Jason,Brian,Thompson
6026434725423,Stephanie,Karen,Osborne
7811216588280,Allen,Bradley,Miller
1604147782619,James,Gregg,Casey
2159859129408,Michael,Dr.,Price
3985682424845,Roger,Jason,Benton
8478890830377,Derek,Elizabeth,Crosby
6803120852664,David,Angelica,Romero
7433776785901,Tracy,Benjamin,Bailey
9208976857074,Stephanie,Chelsea,Reyes
9255524993239,Joshua,Terri,Blackwell
5929404303480,James,Gabriel,Warner
7279144808672,Lisa,Amy,Lopez
5654051516181,Lauren,Mary,Salazar
4127382021554,Denise,Tonya,Bryant
4296344154199,Stacey,Natalie,Lee
0072597841982,Robert,Nicole,Brown
1139832861015,Timothy,Sheri,Buchanan
0660194852973,Thomas,Anne,Reyes
5943591054910,David,Jessica,Hester
3010881699596,Matthew,Mark,Thompson
3031326767829,John,Brenda,Vargas
6990259170811,Joseph,Angelica,Lee
2420073406488,Katherine,Rachel,Sanders
1603417855498,Richard,Michael,Davis
0776551927078,Charles,Juan,Perez
4943403910818,Teresa,Nathaniel,Fischer
5982720513618,Valerie,Robert,Weeks
9231054175095,Mercedes,Tanya,Bell
1171844136120,Micheal,Ryan,Wise
5860812611522,Mary,Erin,Conrad
8635307446641,Michelle,Andrew,Yates
6194047487229,Natalie,Christina,Nixon
0164118857986,Rebecca,Kevin,Smith
5178250994985,Edward,Keith,Kelly
7888782060222,Cassandra,Craig,Smith
1137203523621,Veronica,Jeffrey,Weaver
7377080502717,Sarah,Sharon,Kidd
9351902559471,Eric,Louis,Thomas
6833717387383,Richard,Jacqueline,Jones
0860057769015,Michael,Martin,Macias
3922352887153,Christopher,Ashlee,Gonzalez
8652681529700,James,Marisa,Cabrera
9638161692277,Timothy,Samuel,Meza
7296982306788,Amanda,Brian,Owens
4086420145889,Annette,Joshua,Davies
5794082002485,Robert,John,Orozco
0441931314046,Taylor,Jennifer,Castaneda
4831199765420,Jeremiah,Zachary,Hanson
2567514162271,Ana,Michael,Marquez
9393682427768,Eric,Katrina,Rangel
8653879366713,Candace,Robert,Flores
6899164459259,Lawrence,Allison,Berry
1019921350387,Mathew,Emily,Jackson
5818542429603,Alisha,Misty,Scott
4532059166096,Brad,Elizabeth,Haney
7502960283622,Stephanie,Jessica,Knight
4303742233184,Donna,Pamela,Morris
0332238843474,Rodney,Bethany,Mata
4026066822861,Tonya,Kristin,Phillips
2659986933901,Brian,Billy,Mccann
0124076154137,Andre,Roy,Stokes
5347993152225,Omar,Joseph,Spencer
8766121226021,Jamie,Elizabeth,Jones
4012896426779,Paul,Bryan,Bass
9698137012449,Arthur,Jeffery,Thomas
5010964129033,Larry,Ashley,Navarro
3159669017640,Brittany,Austin,Stevens
8845215155481,Kimberly,Johnny,Cole
9055879639223,Taylor,Seth,Pacheco
6297028143853,Connor,Jon,Smith
4992804828255,Margaret,Sarah,Burke
6307054320249,Traci,Jennifer,Brown
4804452192204,Anthony,Joseph,Delgado
1010549332828,Ryan,Erika,Norris
3341648643789,Robert,Nicole,Patel
7378689291293,Mark,Catherine,Nicholson
6683537194983,Jacqueline,David,Miller
8551922867900,Phyllis,Samantha,Mccullough
7677374661253,Pamela,Travis,Leonard
2454877429208,Kenneth,Elizabeth,Martinez
4819582056222,Richard,Carla,Henderson
5886525834184,Jerry,Brianna,Strong
4792616675766,Joseph,James,Brown
2861970491670,Shannon,Curtis,Wood
5447224336369,Alyssa,Beth,Chambers
6974310185529,Brittany,Jennifer,Fuentes
3591697679074,Kevin,Jeanne,Cummings
1749927143125,Jamie,Brenda,Beltran
0853619296409,Blake,Manuel,Floyd
8084973232811,Ryan,Travis,Oliver
9159648280345,Ana,Katie,Adams
1870559737590,Vincent,Charles,Matthews
3268466850297,Jonathan,Sharon,Williamson
1046747824793,Robert,Michael,Shaw
8770401183772,Brooke,Courtney,Pham
7974902985773,Shawn,Matthew,Grant
4387596700669,Taylor,Michael,Collier
9574290393055,Courtney,Willie,James
1809460865027,Peter,Robert,Rodriguez
7448506964938,Patrick,Rachel,Miller
8246625415791,Joshua,Sierra,Weber
8304314864344,Jason,Joe,Adams
0869537486399,Allison,Ind.,Martinez
9613846168317,Robert,Hannah,Green
3547466121526,Stephen,Jacqueline,Brown
4339329009368,Julia,Matthew,Stokes
7445529330817,Joseph,Rachael,Gonzalez
8347253278948,Johnny,Ronald,Smith
9669458968061,James,Paula,Vance
1120641519894,Samuel,Ian,Douglas
9469221518300,Fernando,Paul,Cameron
1311433992847,Jeffrey,Richard,Church
3645516393567,Shawn,Amber,Berry
5317865222710,Joshua,Destiny,Carter
7154717562486,Daniel,Kim,Saunders
2433484486321,Christine,Marc,Young
7666899019891,James,Darryl,Hanson
5630752136350,Phyllis,Joshua,Shea
8335831950770,Philip,Jennifer,Sullivan
7859479064334,Melinda,Mx.,Kelley
1543606163872,Matthew,Benjamin,Patton
5293461737493,Tiffany,Charles,Flores
8378190657200,Jeffrey,Travis,Bishop
3076090199930,Christopher,Elizabeth,White
5127726098274,Joseph,Danny,Martin
1932643432223,Joshua,Jeremy,Hawkins
7812808906847,James,Lisa,Hurley
7984481857492,Victor,Ashley,Terry
5655630086566,Dustin,Thomas,Mays
4529673371857,Thomas,Dana,Morgan
5836940502258,Teresa,Hannah,Cox
3440728820812,Nancy,Steven,Baker
4316430397502,Kayla,Tammy,Miller
9497538993555,Jennifer,Bryan,Vasquez
6455436425787,Stacy,Jessica,Gonzalez
4745116859478,Jeremy,Erin,Johnson
4621353018616,Samantha,Kathy,Brennan
9586452206737,Rodney,Michael,Daniel
1923079727106,Dana,Timothy,Barrett
4024506339363,Lori,Jon,Barnett
4014234702613,Kathleen,John,Hunter
7974953539205,James,Joshua,Leon
6123816507654,James,Cassidy,Davis
7940668521840,David,Chad,Watson
7974564229120,Douglas,Kellie,Sutton
2387817686094,Mary,Amy,Harper
2078805741508,Jonathan,Joseph,Kemp
5891764136990,Samuel,Hannah,Singleton
5829882168295,Karen,Sarah,Johnson
5222455491487,Tracy,Jessica,Rocha
3610366444779,John,Steve,Cantu
9394828425842,Christopher,Emma,Wagner
5786744735241,Sean,Kristen,Marsh
5752270862209,Erin,Lori,Johnson
4698523231379,Catherine,Katherine,Webb
7107896955581,Joshua,Nathan,Johnson
0168039793991,Anthony,Timothy,Johnson
9053701977825,Ricky,Adam,Kemp
4659391119512,Lisa,Ashley,Brown
0553843915603,Joseph,Maria,Simmons
6644331739116,James,April,Harper
8925711458968,Marcus,Stephen,Robinson
1868159549204,Bonnie,Katherine,Beltran
7711538728215,John,Sandy,Warren
3977162312698,Jennifer,Sheila,Johnson
5997193712777,Michael,Kyle,Spencer
1840333267256,Krista,Eric,Hutchinson
1964607474142,Taylor,Lisa,Mcclain
8716324014612,Robin,Kathryn,Washington
4155881874988,Julie,Michael,Lee
0591366817524,Caleb,Veronica,Mccormick
3340154679128,Danielle,Donna,Schultz
0531013537898,Riley,Shannon,Morgan
9131592266868,Jennifer,Alison,Allen
6220949406935,Kyle,Rebekah,Bryant
7604413210796,Douglas,Michael,Day
0399647384975,Penny,Michael,Colon
5486195302904,Robert,Samantha,Jennings
2583842701355,Brian,Matthew,Norton
2100170901499,David,Catherine,Walker
1530406172547,Joyce,Keith,Butler
5413677851111,Timothy,Luke,Franklin
7239323959830,Collin,Amy,Vincent
1820100878902,Joshua,Kari,Gibson
9907960648721,Peter,James,Curtis
2873485054067,Sandra,Jennifer,Thomas
5237694378151,Michael,Megan,Taylor
4347720960949,Alejandro,Richard,Mcmahon
0259926583082,Stephen,Colin,Morrow
2140268207066,Robert,Kristina,Cohen
7855102960508,William,Kevin,Fischer
2773265190202,Robert,Mary,Craig
1660176512872,Donald,Kimberly,Sparks
1199388337145,Ryan,Richard,Snyder
3221956891356,Shelia,Selena,Obrien
0142906646224,Gregory,Kimberly,Kelly
8887888919001,Richard,Ronald,Gonzalez
1208956807164,George,Kerry,Silva
8341491551384,Pamela,Eric,Lynch
4843693890485,Jacob,Ronnie,Mccoy
8786561945194,Nancy,Danielle,Mejia
4739904595395,Brian,Jane,Mcguire
9474704934747,Norman,Kayla,Burgess
6598790562076,Mark,Eric,Summers
9081800310227,Allen,Brandon,Whitaker
7298628789744,Joseph,Randy,Gregory
1344622287704,Scott,Laura,Velasquez
7359595834281,Brian,Matthew,Stewart
3603898851396,Alicia,Lisa,Wheeler
5196401886922,Kayla,Ashley,Perkins
0580945423999,Lisa,Nicole,Mcpherson
6621312801334,Tyler,David,Scott
9054332507806,Phillip,Alyssa,Jarvis
7324867396504,Alan,Amber,Schroeder
7496058118935,Miranda,William,Lee
3352381768866,Antonio,Michael,Burnett
9033499446441,Wendy,Nicole,Murphy
1261626203555,Manuel,Beth,Edwards
2830477194346,Alexander,Laurie,Rivera
8950749234928,David,Gilbert,Brock
0830540757080,Linda,Tara,Walter
8150806925739,Howard,Joseph,Love
1161535337248,Scott,Brendan,Cameron
7799528379670,Todd,Leslie,Ross
9287288095601,Charles,Adam,Watts
9279893570394,Carlos,Michael,Miller
7796757817803,Nicholas,Sandra,Webb
7827275870934,Gregg,John,Barnett
4861029663087,Kylie,Travis,Hernandez
2434436979606,Joseph,Mark,Lewis
7757824186688,Ronald,Catherine,Travis
7715533487109,Victoria,Benjamin,Johnson
1898716990479,John,Michael,Keller
7748054016131,Robert,Ind.,Fields
8486167397072,Andrew,William,Clark
5302793750472,David,Connie,Jones
4554611708439,Beth,Ruth,Hernandez
2646775304272,Stacey,Katherine,Garcia
4855083871946,Michael,Scott,Klein
3616871414594,Adam,Rachael,Weber
6573805350858,John,Michael,Nelson
1295429952139,Maurice,Lisa,Gonzalez
6716226011460,Nicholas,Brian,Vazquez
0170235527818,Kristie,Shane,Holmes
1134352199726,Christopher,Cynthia,Herrera
6581181715727,Anthony,Robert,White
5634315045102,Patrick,Jennifer,Hansen
3593914143986,Christopher,Shawn,Wilkerson
6272196162808,Corey,Daniel,Perez
4239671459889,Stephen,Elizabeth,David
8675229135975,Valerie,Heather,Garza
1528960203415,Karen,Amy,Miller
3311383373952,Keith,Danielle,Lam
8603369790140,Michael,Joshua,Taylor
8403878488941,Robert,Joshua,Ortega
1919495034112,Brandon,Laura,Swanson
1882160403453,Linda,Jeffrey,Snow
6975144748427,Travis,Brian,Patterson
3923815485656,Anthony,Andrew,Dawson
1858748279407,David,Christy,Stafford
9691357749196,Matthew,Gary,Murphy
5140799876293,Nathan,Tamara,Johnson
0750692462925,Bruce,Megan,Jacobs
3722781139447,Eric,Margaret,Cox
2685436163418,Maxwell,Samantha,Watts
9396434208421,Courtney,Amber,Murray
3011036374250,Carlos,Jonathan,Rodriguez
3227055322762,Troy,John,Trevino
2475100839016,Jonathan,Kara,Malone
3163446125977,Melissa,Robert,Hall
4416255330643,Timothy,Gail,Johnson
8118686036127,William,Jasmin,Goodwin
0874846389926,George,Jeremy,Johnson
6189876281898,Kenneth,Amanda,Jones
4557374682218,Sarah,Adam,Gutierrez
3114464164863,Laura,Paul,Johnson
8209225964338,Alicia,Karen,Maldonado
8380023933910,Nancy,Anthony,Dickerson
0701881977563,Brett,Emily,Richardson
8740451094549,Kimberly,Samantha,Herrera
7016258652417,Elizabeth,Daniel,Morris
7814388975724,Allison,Theodore,Bates
4853160814688,Kirk,Robert,King
3417557829254,William,Anthony,Mendoza
1312230450728,Marc,Jerome,Fisher
5391993217542,James,Stephen,Holloway
8760026629133,Zachary,Karen,Avila
4090763995095,Richard,Theresa,Hernandez
0498553236548,Heather,Dr.,Miller
8227073330506,Kerry,Dr.,Hicks
4548043035296,Dylan,Marissa,Conley
0918263703979,Jordan,Michael,Johnson
1313950213989,Anthony,Ronald,Kaufman
7045795085237,Peter,Jonathan,Lopez
4234119171669,Robert,Jonathan,Mcneil
0155685382169,Holly,Amy,Adams
8460514280223,Julia,Donna,Mays
2931691515967,Sean,Stephanie,Taylor
7003119562172,David,Regina,Lewis
3824051917584,Robert,John,Fowler
3434913727228,Joshua,Benjamin,Huynh
8816761864409,Kimberly,Michelle,Padilla
7413047591668,Jacob,Christopher,Warren
5375864052832,Thomas,Jacqueline,Hickman
5114277648382,Christopher,Anthony,Duran
6261824660170,Tyler,Anthony,Stokes
9042951612039,Dustin,George,Huffman
5037528479364,Patricia,Dr.,Simmons
2653669090093,Lawrence,Ashley,Townsend
0083534071356,Keith,Brittney,Gutierrez
4263635021051,Benjamin,Jonathan,Le
2937758375817,Nathan,Jessica,Williams
8343927710916,Alejandro,James,Walters
8997138213096,Michael,Ronald,Hernandez
0042701776022,Brittany,Jackie,Reeves
9880435774345,Jeffrey,Jennifer,Alvarez
7766951279891,Timothy,Sharon,Harvey
0476173369029,Jason,Nicole,Martinez
6979167842261,Jacqueline,Evan,Williams
4333545608278,Michael,Kevin,Chen
4003753358093,Terri,Robert,Matthews
9067330457007,Anthony,Darrell,Alvarez
1654249472592,Justin,Anne,Romero
0999901844360,Julie,John,Lopez
4377518575318,Joshua,Leah,Carroll
6447111293129,Richard,Amanda,Barrett
9369774415741,Tracy,Troy,Harris
2693218891425,Joseph,Hannah,Foster
4754992979540,Joseph,Joseph,Avila
5567356259885,Christina,Valerie,Hardy
4349240188822,Terry,Jeremy,Ponce
8693103500486,John,Sarah,Knox
1522294111229,Christine,Vincent,Neal
4791508596838,Cynthia,Jonathan,Stephens
8070966494567,Adam,Jennifer,Harris
3288147211766,Nicholas,Andrew,Villanueva
4859421897024,Patricia,Anna,Bray
9591455687226,Kristie,Matthew,Nguyen
1282283482595,Jonathan,Robert,Hensley
8536516689267,Eric,Erika,Tucker
5588291651405,Curtis,Mary,Sparks
7590053880580,Calvin,David,Williams
1048826475726,Alex,Ashley,Johnson
8606092203048,Douglas,Brandy,Martinez
1068458272260,Natalie,Amanda,Collins
0374498364548,Deborah,Anthony,Gray
1740204018026,Bianca,Tyler,Charles
8883875011321,Stacy,Chelsea,Powell
2942907164116,Shawn,Tara,Alexander
1798188217968,Michael,James,Williams
5151580105342,Chad,Dana,Jones
0038886109087,Kenneth,Kelly,Murphy
5900678091092,Karina,Mx.,Butler
4337262816752,Heather,Joseph,Harris
2558711003936,Donald,Monica,Lopez
9384098776803,Brandon,Steven,Mullins
3615027906024,Frederick,Jessica,Smith
1249155493054,Ronald,Wayne,Brown
6687353082951,Jerry,Cameron,Galvan
5100971662676,Shane,Kari,Johnson
7056539899000,Troy,James,Bonilla
3102804403798,Jason,Dennis,Wilkins
2225408016500,Rodney,Kelly,Hammond
1785244644584,Taylor,Juan,Brandt
5681319517675,Kimberly,Richard,Roy
6221218523385,Javier,Kelly,Graves
0837217657973,April,Lisa,Elliott
6840659282885,Valerie,Gregory,Weaver
9880348971362,Crystal,Caleb,Wiley
1142236486798,Joshua,Ashley,Mitchell
4448849123940,Jeremy,Gregory,Love
0251973145098,Jacob,Heidi,Woodard
7660421814624,Leslie,Courtney,Hicks
8847766119491,Christopher,Tina,Jackson
4944517965370,Craig,Jake,Archer
2761891996879,Deanna,William,White
5776025252774,Sarah,David,Meyer
7983054120612,Brian,Brooke,Parker
4817152068464,Gregory,Stacy,Calderon
4790834528096,Crystal,Jose,Johnson
9780544324456,Paul,Tina,Martin
8463178870634,Brian,Susan,Peterson
6778399212129,Timothy,Justin,Dean
5089276165998,John,Zachary,Meyers
9637242970503,Anne,Michael,Ross
0107583888039,Joel,Christian,Vargas
7518369003105,Roy,Troy,Williams
4906257367654,Tammy,Tyler,Benson
8159057457530,Derek,Amber,Knight
9453853249474,Jose,James,Sawyer
6236492682545,Andres,Amanda,Riley
5282579121391,Christopher,Sandra,Griffin
8445255143841,Kelly,Brenda,Davis
4819063773795,Cole,Dana,Morse
9584161249881,Mark,Steven,Smith
4143046426310,Scott,Joseph,Johnson
2529381488593,Jonathan,Austin,Clark
6140769964870,Andrea,Monica,Miller
2860655026702,Holly,Robert,Smith
0077498245430,Alan,Alexa,Ellis
5262903948496,Samuel,Mario,Weiss
3654736234619,Alexandra,Nathan,Collins
8342481151702,Tina,Ind.,Dunn
0457088434377,Shane,Matthew,Williams
2918624220968,Sean,Larry,White
7015464074278,Lance,Michael,Becker
2112507640470,Billy,Jessica,Ellis
0365326883170,Crystal,Mary,Patterson
8026080973374,Gary,Jacqueline,Graham
2079819112884,William,Julie,Edwards
6488123040283,Brian,Loretta,King
2784430205764,Fred,Whitney,Pearson
3988911579900,Jose,Kristi,Wilson
0697492438247,Christopher,Andrew,Cabrera
9149179694783,Diane,Jonathan,Sampson
8198623828014,Shaun,Gregory,Ford
7859976580956,Joseph,Nicole,Scott
6423193952106,David,Patricia,Young
8777153336292,Linda,Jeremy,Stevenson
3303381930620,Sharon,Sarah,Adams
6254494609758,April,Justin,Dixon
4654107921266,Brandon,Gordon,Kirby
0541468160903,Ricky,Robin,Flores
2932071349153,Ashley,Marcus,Lopez
7304140188902,Mark,Kenneth,Cunningham
9132253097211,Virginia,Brittany,Robertson
6645336984630,Christine,Scott,Chase
8419971089835,Zachary,Daniel,Baker
2459333491458,Janet,Tyler,Campbell
2205601604263,Daniel,Sally,Johnson
6904519786006,Carolyn,Johnny,Mills
4508480041139,Clayton,Christine,Graham
9764874740874,Jessica,Michael,Willis
6149215670273,Mark,Christian,Hunter
2282046276152,Brandy,Elizabeth,Perez
2685359644706,Anita,Heather,Weber
1993208045743,Daniel,Christopher,Burnett
6664123593500,Tammy,David,Miller
1334829435187,Kelsey,Zachary,Parker
8016801523282,Joshua,Melissa,Nelson
6401825320991,John,Joseph,Harris
4206396563945,William,Alison,Anderson
6689879538139,Shannon,James,Garcia
7739977506517,Jacob,Kimberly,Peterson
5197986814581,Breanna,Micheal,Moore
1955370363225,Kimberly,James,Sharp
8166526507737,Mackenzie,Melissa,Meyer
9971360406481,Eric,Stacey,Stevens
7550840646631,John,Sylvia,Mayer
5228354648307,Benjamin,Lindsey,Rodriguez
2994067342797,David,Mary,Fletcher
8619016032122,David,Matthew,Farmer
4518982827922,Kimberly,John,Hall
4327354456574,Jeanne,Kelly,Kramer
9951007744578,Jeffrey,Tanner,Castillo
7558255980546,Maurice,Jessica,Miller
2892506879449,Richard,Courtney,Deleon
8079556567826,Andrew,Christopher,Gonzalez
2799337986170,Jason,John,Hudson
1367002289731,Allen,Annette,Russo
2135120540814,David,Michele,Valdez
3789159357845,Mario,Christopher,Kelly
7943568157780,Joshua,Tammie,Harding
4690416186828,Earl,Zachary,Wilkins
8726323125135,Mitchell,Christina,Peterson
5158728504016,Samuel,Harold,Quinn
7912772472578,Lauren,Carrie,Torres
2537801609289,Austin,Jessica,Cooper
4627222736109,Jesus,Megan,Black
8570306034013,April,Chris,Obrien
0563526056554,Tammy,Isaac,Stephenson
0636570405524,Russell,Amy,Barber
3830338820296,Gregory,Kara,Ward
0847989312310,Laura,Carmen,Shannon
2215626320957,Joshua,Cameron,Levy
0430580316071,James,Mx.,Walker
1912435117420,Susan,Todd,Rodriguez
9176978734511,Jessica,Douglas,Dawson
1223212461387,Donald,Mark,Mann
0757004051942,Kaylee,Alison,Weber
1048085660365,Mary,Julia,Navarro
7754028497805,Andrew,John,French
3085468308020,Brandy,Justin,Strickland
5156490821042,Lynn,Marco,Rodriguez
6600144464333,Joseph,Mitchell,Nicholson
2830488558446,Daniel,Julia,Austin
3282962797609,Michael,William,Mullins
3473659408272,Michael,Stephen,Smith
3515144793957,Curtis,Jon,Aguirre
3516689342422,William,Joanne,Adams
6342194078297,Randy,Tanya,Hernandez
2837758363319,Mitchell,Kristina,Arnold
7840041936583,Joann,Cheyenne,Garza
6204917837584,Samantha,David,Byrd
6062225105284,Kimberly,Nicole,Morgan
2904231133642,David,Marcus,Johnston
2946159002440,Chelsea,Rachel,Smith
2346836899059,David,Jeffery,Hammond
1695555212967,Jennifer,Timothy,Sandoval
3819913276283,Herbert,William,Cohen
3607942946043,Brian,Dean,Gonzalez
7333219114956,Edward,Emily,Wiley
9932757930266,Jose,Matthew,Andersen
3351103555864,Daniel,Misc.,Vazquez
0333562084555,Austin,Curtis,Cameron
1459465695206,Brian,Ashley,Williams
6782714133487,Jennifer,Jeffrey,Weber
3107169132140,Gabriela,Deborah,Williams
0214901270850,Martin,Richard,Jones
0399999930127,Caitlin,Donna,Chavez
7839510707286,Lisa,Richard,Adams
8272223884812,Kelly,Jacob,Shepherd
4150727603170,Gregory,Joseph,Hill
9187051466093,Brian,Mary,Barber
5119036123300,James,Sarah,Wilson
4571975851671,Kevin,Eric,Fisher
9843247671764,James,Joyce,Brooks
0409344695697,Christian,Angel,Simon
6427109174406,Kenneth,Linda,Elliott
5854313917700,Heidi,Jaime,Ballard
9466931557317,Jeremy,Victor,Jacobs
1419290840273,Brett,Tiffany,Patel
8390493326801,Eric,Karen,Wilkinson
0089602571067,Elizabeth,Linda,Schultz
1592424603648,Christian,Roberto,Payne
6402945484357,Lynn,Robert,Sanchez
1198552842780,Trevor,William,Nguyen
0638938771465,Charles,Mx.,Sullivan
1541558450505,Elizabeth,Alyssa,Bell
3940141733040,Joel,Edward,Mayer
4232776889131,Christina,Diane,Gonzalez
0401147508166,Kenneth,Carol,Hernandez
6805847082364,Francisco,Andrew,Garcia
2281077156308,Jacqueline,Daniel,Erickson
1674321575826,David,Melissa,Stuart
5614445289943,Roberto,Andrea,Stewart
4524867301044,Kristin,Susan,Castro
5314104707439,Richard,Erik,Mills
8551489137318,Kelli,Allison,Harris
2970608417271,Leonard,Joann,Kim
5568367215950,James,Shelly,Winters
9570081843706,Joy,Catherine,Vasquez
1329811920877,Adam,Alexandra,Lee
8534934630981,Samantha,Alicia,Glover
8070292143645,Casey,Brandon,Shaw
4323669579794,Bryan,Kevin,Hobbs
8857598302344,Andrew,Sarah,Coleman
6208897716682,Bryan,Erin,Gordon
4647647719109,Tammy,Zachary,Dean
9845256374005,Eric,Desiree,Medina
1019601352561,Micheal,Lori,Davis
7560432079288,Emma,Donald,Jones
3214038602013,Gerald,Allison,White
1697487623135,Adrienne,Jeffery,Dominguez
8062774485094,Jeffrey,Donald,Robertson
6134865030258,Brenda,Lisa,Johnson
7187511863553,Erik,Angela,Holmes
6423088672131,Alan,Stephanie,Roberts
4791202397884,Karen,Matthew,Knox
1748169923462,Cristina,Misc.,Shelton
3960683152862,Joseph,Allen,Perez
1029863716653,Jacob,Robert,Maynard
0506272759828,Anthony,Judy,Gamble
1593503767673,Jason,David,Chan
8431912831127,Daniel,Laura,Adams
6852696372229,Patrick,Kimberly,Sims
4149443877245,Bradley,Donna,Miller
3232225495546,Anthony,Richard,Reyes
3233303185611,Sheila,Travis,Johnson
7368554575284,Allison,Julia,Gregory
3028010730982,Stacey,Tony,Sanders
8551100552285,Grant,Christopher,Green
5320365975559,Elijah,James,Knapp
5826213435183,John,Adam,Walsh
1159088849060,Ryan,Benjamin,Shaw
8408958636564,Tasha,Latoya,Perez
7968261769322,Keith,Jacob,Hernandez
6180828805508,Gregory,Deborah,Williams
6177807259491,Catherine,Kristi,Morton
2877542224337,Jack,Jessica,Donovan
5904898506172,Cameron,Gary,Martin
3258596691579,Kenneth,Lisa,Jones
1937770290603,Abigail,William,Bennett
8537626842258,Jennifer,Heather,Kennedy
3562020715795,Andrew,Elizabeth,Mcneil
3357935913321,Joe,Darren,Sanchez
5994270252106,Gary,Amy,Powers
1672830536026,Kristin,James,Moore
4990851031196,David,Mason,Castillo
2541494786296,Leslie,Gloria,Thompson
6388322612546,Richard,April,Cordova
5763864204379,Adam,Jennifer,Johnson
4005753723020,Tara,Joshua,Walker
2740257167973,Stephen,Yolanda,Henderson
2354744072260,Rickey,Sheena,Wheeler
2206498629931,Olivia,Rodney,Gregory
0493810590515,Carol,Ind.,Williams
0476915581924,Donna,Nicole,Martinez
9280693884357,Kelly,David,Simmons
5929939965494,Patricia,Brian,Watts
0170934497060,Eric,Tracy,Carter
0589697266743,James,Nancy,Lewis
5708528340622,Jerry,Kevin,Gibson
9215221429579,Cindy,Joan,Gonzalez
6921275660926,Joseph,Tracy,Park
6950108722569,Steven,Helen,Martinez
7428124154472,Gary,Garrett,Curry
1839649043098,Rebecca,Rhonda,Sosa
5939730875464,Amanda,Don,Finley
0106187796604,Samantha,Christina,Brown
5863797212318,Phillip,Charles,Coleman
9692167122605,Erica,Ryan,Smith
9759799523245,Stephanie,Adam,Moore
2157633855784,Jenny,David,Cardenas
1901009882677,Paul,Tina,Gross
5918313249529,Zachary,Christopher,Roberts
1862839711625,Walter,Mx.,Mcintyre
7759431111774,David,Luis,West
7461200590479,Mark,Kathleen,Reyes
1361484871857,Marcus,Lisa,Hall
0309583530600,Michael,Ashley,Lucas
9966056675426,Andrew,Nicole,Diaz
2170172830351,Jessica,Scott,Grant
9690797036120,Angela,Ricardo,Morales
7634775421035,Amy,Shane,Harris
0087505809172,Deanna,Jeffrey,Chandler
9798679681467,Jonathan,Lauren,Bernard
0007345242146,Pamela,Justin,Alexander
5777776414073,Larry,Thomas,Davenport
8988975464769,John,William,Carter
4147123366910,Terry,Lori,Benson
4233423442816,Antonio,Tiffany,White
2564416015781,Dan,Robin,Lynch
9652358746324,Peter,Stacy,Lester
5625462378425,Kenneth,Dr.,Sanchez
7915666427014,Donald,Susan,Martin
5496498424888,Robert,Karen,Morris
7684598228200,Peter,Colleen,Wilson
5618480940003,Kristina,Heather,Alvarado
9904086178199,Michael,Joseph,Obrien
3767432597747,Brian,Stephen,Carr
0722010707026,Lauren,Heather,Joseph
0857522992697,Jessica,Duane,Briggs
4316319351740,Debra,Leslie,Carey
5523431530930,Angela,Ashley,Wilkerson
1423882276076,Monica,Valerie,Gonzalez
9854347752487,Dawn,Kylie,Mccarthy
9871249598565,Maria,Dr.,Sandoval
2840451087433,Sergio,Shannon,Moon
5954005184257,Richard,Regina,Martinez
6264732842743,Lance,Allison,Anderson
0333198337035,John,Joshua,Carpenter
8510118970837,Diane,Richard,Lowe
7606424880272,Desiree,Karen,Burke
4182174778209,Elizabeth,Donna,Kerr
1534341527447,Gregory,Anthony,Shelton
7413905523515,David,Robert,Johnson
8716409854193,Adrian,Alexander,Gilbert
9378326561957,Jessica,Maria,Miller
1549813049949,Theresa,Nicholas,Wiggins
6639519250402,Steven,Frederick,Lee
0101253790467,Jessica,John,White
0005053739180,James,Samantha,Turner
3053359662969,Lance,Karen,Byrd
1177297361002,Annette,Shelby,White
6968587507437,Teresa,Cody,Patton
6894853991449,Ryan,Robert,Smith
3688596833405,John,Thomas,Kennedy
1967289512772,Ian,Deborah,Long
5258603533149,Ernest,Ashley,Best
4214693612288,Amber,Carolyn,Long
7105025616038,Philip,Steven,Gilmore
6959294362415,Francis,Susan,Page
0907217913955,April,Catherine,Cox
6754960796731,Samantha,Daniel,Cook
4843595865219,Jonathan,Jessica,Hernandez
4728040878225,Paul,Matthew,Mayo
4398499459410,Michael,Eileen,Rivera
6049363411724,Elizabeth,Jennifer,Ortiz
1766365959462,Keith,Karen,Montgomery
2874518647464,Mike,Stephanie,West
5971605453802,Christopher,Dennis,Williams
4569718940560,James,Laura,Clark
6000089691571,Matthew,Margaret,Paul
8005188761902,Paul,David,Kennedy
0396786882743,Tamara,Jessica,Marsh
5603818290441,Deborah,Richard,Watson
0424330915482,Pamela,Julie,Sanchez
2846677959367,Eric,Evan,Fritz
5283697696376,Brittany,Katherine,Pitts
6522554457742,Matthew,Melissa,Scott
6729635235377,Jeremy,Andre,Taylor
0649221697591,Brian,Cody,Kelly
9462654934485,Devin,Destiny,Lowery
2139161715605,John,Rebecca,Wilson
0178302961451,Cheryl,Anna,Lowe
5356516023248,Denise,Pedro,Pugh
2885994011417,Mark,Katherine,Martin
6473568781281,Gregory,April,Sanders
5721330514686,Bruce,Lindsay,Potts
4789702692320,Benjamin,Benjamin,Jones
6965881094539,Edward,Felicia,Huff
3953949740809,James,Kevin,Nelson
4578949996055,Daniel,William,Gibson
7258565725442,Michael,Diane,White
1121180022455,Steven,Angela,Thompson
5673530976428,Michelle,Jeanette,Walker
5270878558577,Melanie,Bailey,Good
1267523501912,Cody,Courtney,Jones
9340199660767,Emily,Kevin,Gonzalez
4020549553049,Harold,Amanda,Cook
9950531230771,Steve,Nathaniel,Steele
3770356387612,Michael,Jessica,Brown
3855059930663,Frank,Jenna,Reyes
0080437884809,Kimberly,Evelyn,Robinson
4881374269837,Michael,Zachary,Fernandez
9278114930586,Kenneth,Tiffany,Greene
3664579814752,Donald,Jorge,Mcintyre
4739300349244,Courtney,Michael,Campbell
9142720885660,Dennis,Sarah,Jackson
1752785048690,Jessica,Rodney,Lawson
6243434829500,Diana,William,Ryan
0390251808360,Jessica,Joseph,Ramos
4999098825106,Anthony,Amanda,Perry
1147590903082,David,Brian,Burke
5163477564960,Mark,Amanda,Galvan
2854140078206,Brian,Jennifer,Tate
3982723572347,Krista,Traci,Diaz
9239916671090,Ricardo,Karen,Jones
